This is pdfTeX, Version 3.141592653-2.6-1.40.26 (TeX Live 2025/dev/Debian) (preloaded format=pdflatex 2025.8.10)  29 AUG 2026 23:09
entering extended mode
 restricted \write18 enabled.
 %&-line parsing enabled.
**espaper.tex
(./espaper.tex
LaTeX2e <2024-11-01> patch level 2
L3 programming layer <2025-01-18>
(/usr/share/texlive/texmf-dist/tex/latex/amscls/amsart.cls
Document Class: amsart 2020/05/29 v2.20.6
\linespacing=\dimen141
\normalparindent=\dimen142
\normaltopskip=\skip49
(/usr/share/texlive/texmf-dist/tex/latex/amsmath/amsmath.sty
Package: amsmath 2024/11/05 v2.17t AMS math features
\@mathmargin=\skip50

For additional information on amsmath, use the `?' option.
(/usr/share/texlive/texmf-dist/tex/latex/amsmath/amstext.sty
Package: amstext 2021/08/26 v2.01 AMS text

(/usr/share/texlive/texmf-dist/tex/latex/amsmath/amsgen.sty
File: amsgen.sty 1999/11/30 v2.0 generic functions
\@emptytoks=\toks17
\ex@=\dimen143
))
(/usr/share/texlive/texmf-dist/tex/latex/amsmath/amsbsy.sty
Package: amsbsy 1999/11/29 v1.2d Bold Symbols
\pmbraise@=\dimen144
)
(/usr/share/texlive/texmf-dist/tex/latex/amsmath/amsopn.sty
Package: amsopn 2022/04/08 v2.04 operator names
)
\inf@bad=\count196
LaTeX Info: Redefining \frac on input line 233.
\uproot@=\count197
\leftroot@=\count198
LaTeX Info: Redefining \overline on input line 398.
LaTeX Info: Redefining \colon on input line 409.
\classnum@=\count199
\DOTSCASE@=\count266
LaTeX Info: Redefining \ldots on input line 495.
LaTeX Info: Redefining \dots on input line 498.
LaTeX Info: Redefining \cdots on input line 619.
\Mathstrutbox@=\box52
\strutbox@=\box53
LaTeX Info: Redefining \big on input line 721.
LaTeX Info: Redefining \Big on input line 722.
LaTeX Info: Redefining \bigg on input line 723.
LaTeX Info: Redefining \Bigg on input line 724.
\big@size=\dimen145
LaTeX Font Info:    Redeclaring font encoding OML on input line 742.
LaTeX Font Info:    Redeclaring font encoding OMS on input line 743.
\macc@depth=\count267
LaTeX Info: Redefining \bmod on input line 904.
LaTeX Info: Redefining \pmod on input line 909.
LaTeX Info: Redefining \smash on input line 939.
LaTeX Info: Redefining \relbar on input line 969.
LaTeX Info: Redefining \Relbar on input line 970.
\c@MaxMatrixCols=\count268
\dotsspace@=\muskip17
\c@parentequation=\count269
\dspbrk@lvl=\count270
\tag@help=\toks18
\row@=\count271
\column@=\count272
\maxfields@=\count273
\andhelp@=\toks19
\eqnshift@=\dimen146
\alignsep@=\dimen147
\tagshift@=\dimen148
\tagwidth@=\dimen149
\totwidth@=\dimen150
\lineht@=\dimen151
\@envbody=\toks20
\multlinegap=\skip51
\multlinetaggap=\skip52
\mathdisplay@stack=\toks21
LaTeX Info: Redefining \[ on input line 2953.
LaTeX Info: Redefining \] on input line 2954.
)
LaTeX Font Info:    Trying to load font information for U+msa on input line 397
.

(/usr/share/texlive/texmf-dist/tex/latex/amsfonts/umsa.fd
File: umsa.fd 2013/01/14 v3.01 AMS symbols A
)
(/usr/share/texlive/texmf-dist/tex/latex/amsfonts/amsfonts.sty
Package: amsfonts 2013/01/14 v3.01 Basic AMSFonts support
\symAMSa=\mathgroup4
\symAMSb=\mathgroup5
LaTeX Font Info:    Redeclaring math symbol \hbar on input line 98.
LaTeX Font Info:    Overwriting math alphabet `\mathfrak' in version `bold'
(Font)                  U/euf/m/n --> U/euf/b/n on input line 106.
)
\copyins=\insert252
\abstractbox=\box54
\listisep=\skip53
\c@part=\count274
\c@section=\count275
\c@subsection=\count276
\c@subsubsection=\count277
\c@paragraph=\count278
\c@subparagraph=\count279
\c@figure=\count280
\c@table=\count281
\abovecaptionskip=\skip54
\belowcaptionskip=\skip55
\captionindent=\dimen152
\thm@style=\toks22
\thm@bodyfont=\toks23
\thm@headfont=\toks24
\thm@notefont=\toks25
\thm@headpunct=\toks26
\thm@preskip=\skip56
\thm@postskip=\skip57
\thm@headsep=\skip58
\dth@everypar=\toks27
)
(/usr/share/texlive/texmf-dist/tex/latex/base/fontenc.sty
Package: fontenc 2021/04/29 v2.0v Standard LaTeX package
)
(/usr/share/texmf/tex/latex/lm/lmodern.sty
Package: lmodern 2015/05/01 v1.6.1 Latin Modern Fonts
LaTeX Font Info:    Overwriting symbol font `operators' in version `normal'
(Font)                  OT1/cmr/m/n --> OT1/lmr/m/n on input line 22.
LaTeX Font Info:    Overwriting symbol font `letters' in version `normal'
(Font)                  OML/cmm/m/it --> OML/lmm/m/it on input line 23.
LaTeX Font Info:    Overwriting symbol font `symbols' in version `normal'
(Font)                  OMS/cmsy/m/n --> OMS/lmsy/m/n on input line 24.
LaTeX Font Info:    Overwriting symbol font `largesymbols' in version `normal'
(Font)                  OMX/cmex/m/n --> OMX/lmex/m/n on input line 25.
LaTeX Font Info:    Overwriting symbol font `operators' in version `bold'
(Font)                  OT1/cmr/bx/n --> OT1/lmr/bx/n on input line 26.
LaTeX Font Info:    Overwriting symbol font `letters' in version `bold'
(Font)                  OML/cmm/b/it --> OML/lmm/b/it on input line 27.
LaTeX Font Info:    Overwriting symbol font `symbols' in version `bold'
(Font)                  OMS/cmsy/b/n --> OMS/lmsy/b/n on input line 28.
LaTeX Font Info:    Overwriting symbol font `largesymbols' in version `bold'
(Font)                  OMX/cmex/m/n --> OMX/lmex/m/n on input line 29.
LaTeX Font Info:    Overwriting math alphabet `\mathbf' in version `normal'
(Font)                  OT1/cmr/bx/n --> OT1/lmr/bx/n on input line 31.
LaTeX Font Info:    Overwriting math alphabet `\mathsf' in version `normal'
(Font)                  OT1/cmss/m/n --> OT1/lmss/m/n on input line 32.
LaTeX Font Info:    Overwriting math alphabet `\mathit' in version `normal'
(Font)                  OT1/cmr/m/it --> OT1/lmr/m/it on input line 33.
LaTeX Font Info:    Overwriting math alphabet `\mathtt' in version `normal'
(Font)                  OT1/cmtt/m/n --> OT1/lmtt/m/n on input line 34.
LaTeX Font Info:    Overwriting math alphabet `\mathbf' in version `bold'
(Font)                  OT1/cmr/bx/n --> OT1/lmr/bx/n on input line 35.
LaTeX Font Info:    Overwriting math alphabet `\mathsf' in version `bold'
(Font)                  OT1/cmss/bx/n --> OT1/lmss/bx/n on input line 36.
LaTeX Font Info:    Overwriting math alphabet `\mathit' in version `bold'
(Font)                  OT1/cmr/bx/it --> OT1/lmr/bx/it on input line 37.
LaTeX Font Info:    Overwriting math alphabet `\mathtt' in version `bold'
(Font)                  OT1/cmtt/m/n --> OT1/lmtt/m/n on input line 38.
)
(/usr/share/texlive/texmf-dist/tex/latex/microtype/microtype.sty
Package: microtype 2025/02/11 v3.2a Micro-typographical refinements (RS)

(/usr/share/texlive/texmf-dist/tex/latex/graphics/keyval.sty
Package: keyval 2022/05/29 v1.15 key=value parser (DPC)
\KV@toks@=\toks28
)
(/usr/share/texlive/texmf-dist/tex/latex/etoolbox/etoolbox.sty
Package: etoolbox 2025/02/11 v2.5l e-TeX tools for LaTeX (JAW)
\etb@tempcnta=\count282
)
\MT@toks=\toks29
\MT@tempbox=\box55
\MT@count=\count283
LaTeX Info: Redefining \noprotrusionifhmode on input line 1087.
LaTeX Info: Redefining \leftprotrusion on input line 1088.
\MT@prot@toks=\toks30
LaTeX Info: Redefining \rightprotrusion on input line 1107.
LaTeX Info: Redefining \textls on input line 1449.
\MT@outer@kern=\dimen153
LaTeX Info: Redefining \microtypecontext on input line 2053.
LaTeX Info: Redefining \textmicrotypecontext on input line 2070.
\MT@listname@count=\count284

(/usr/share/texlive/texmf-dist/tex/latex/microtype/microtype-pdftex.def
File: microtype-pdftex.def 2025/02/11 v3.2a Definitions specific to pdftex (RS)

LaTeX Info: Redefining \lsstyle on input line 944.
LaTeX Info: Redefining \lslig on input line 944.
\MT@outer@space=\skip59
)
Package microtype Info: Loading configuration file microtype.cfg.

(/usr/share/texlive/texmf-dist/tex/latex/microtype/microtype.cfg
File: microtype.cfg 2025/02/11 v3.2a microtype main configuration file (RS)
)
LaTeX Info: Redefining \microtypesetup on input line 3065.
)
(/usr/share/texlive/texmf-dist/tex/latex/amsfonts/amssymb.sty
Package: amssymb 2013/01/14 v3.01 AMS font symbols
)
(/usr/share/texlive/texmf-dist/tex/latex/mathtools/mathtools.sty
Package: mathtools 2024/10/04 v1.31 mathematical typesetting tools

(/usr/share/texlive/texmf-dist/tex/latex/tools/calc.sty
Package: calc 2023/07/08 v4.3 Infix arithmetic (KKT,FJ)
\calc@Acount=\count285
\calc@Bcount=\count286
\calc@Adimen=\dimen154
\calc@Bdimen=\dimen155
\calc@Askip=\skip60
\calc@Bskip=\skip61
LaTeX Info: Redefining \setlength on input line 80.
LaTeX Info: Redefining \addtolength on input line 81.
\calc@Ccount=\count287
\calc@Cskip=\skip62
)
(/usr/share/texlive/texmf-dist/tex/latex/mathtools/mhsetup.sty
Package: mhsetup 2021/03/18 v1.4 programming setup (MH)
)
\g_MT_multlinerow_int=\count288
\l_MT_multwidth_dim=\dimen156
\origjot=\skip63
\l_MT_shortvdotswithinadjustabove_dim=\dimen157
\l_MT_shortvdotswithinadjustbelow_dim=\dimen158
\l_MT_above_intertext_sep=\dimen159
\l_MT_below_intertext_sep=\dimen160
\l_MT_above_shortintertext_sep=\dimen161
\l_MT_below_shortintertext_sep=\dimen162
\xmathstrut@box=\box56
\xmathstrut@dim=\dimen163
)
(/usr/share/texlive/texmf-dist/tex/latex/jknapltx/mathrsfs.sty
Package: mathrsfs 1996/01/01 Math RSFS package v1.0 (jk)
\symrsfs=\mathgroup6
)
(/usr/share/texlive/texmf-dist/tex/latex/enumitem/enumitem.sty
Package: enumitem 2025/02/06 v3.11 Customized lists
\labelindent=\skip64
\enit@outerparindent=\dimen164
\enit@toks=\toks31
\enit@inbox=\box57
\enit@count@id=\count289
\enitdp@description=\count290
)
(/usr/share/texlive/texmf-dist/tex/latex/hyperref/hyperref.sty
Package: hyperref 2024-11-05 v7.01l Hypertext links for LaTeX

(/usr/share/texlive/texmf-dist/tex/generic/iftex/iftex.sty
Package: iftex 2024/12/12 v1.0g TeX engine tests
)
(/usr/share/texlive/texmf-dist/tex/latex/kvsetkeys/kvsetkeys.sty
Package: kvsetkeys 2022-10-05 v1.19 Key value parser (HO)
)
(/usr/share/texlive/texmf-dist/tex/generic/kvdefinekeys/kvdefinekeys.sty
Package: kvdefinekeys 2019-12-19 v1.6 Define keys (HO)
)
(/usr/share/texlive/texmf-dist/tex/generic/pdfescape/pdfescape.sty
Package: pdfescape 2019/12/09 v1.15 Implements pdfTeX's escape features (HO)

(/usr/share/texlive/texmf-dist/tex/generic/ltxcmds/ltxcmds.sty
Package: ltxcmds 2023-12-04 v1.26 LaTeX kernel commands for general use (HO)
)
(/usr/share/texlive/texmf-dist/tex/generic/pdftexcmds/pdftexcmds.sty
Package: pdftexcmds 2020-06-27 v0.33 Utility functions of pdfTeX for LuaTeX (HO
)

(/usr/share/texlive/texmf-dist/tex/generic/infwarerr/infwarerr.sty
Package: infwarerr 2019/12/03 v1.5 Providing info/warning/error messages (HO)
)
Package pdftexcmds Info: \pdf@primitive is available.
Package pdftexcmds Info: \pdf@ifprimitive is available.
Package pdftexcmds Info: \pdfdraftmode found.
))
(/usr/share/texlive/texmf-dist/tex/latex/hycolor/hycolor.sty
Package: hycolor 2020-01-27 v1.10 Color options for hyperref/bookmark (HO)
)
(/usr/share/texlive/texmf-dist/tex/latex/hyperref/nameref.sty
Package: nameref 2023-11-26 v2.56 Cross-referencing by name of section

(/usr/share/texlive/texmf-dist/tex/latex/refcount/refcount.sty
Package: refcount 2019/12/15 v3.6 Data extraction from label references (HO)
)
(/usr/share/texlive/texmf-dist/tex/generic/gettitlestring/gettitlestring.sty
Package: gettitlestring 2019/12/15 v1.6 Cleanup title references (HO)

(/usr/share/texlive/texmf-dist/tex/latex/kvoptions/kvoptions.sty
Package: kvoptions 2022-06-15 v3.15 Key value format for package options (HO)
))
\c@section@level=\count291
)
(/usr/share/texlive/texmf-dist/tex/generic/stringenc/stringenc.sty
Package: stringenc 2019/11/29 v1.12 Convert strings between diff. encodings (HO
)
)
\@linkdim=\dimen165
\Hy@linkcounter=\count292
\Hy@pagecounter=\count293

(/usr/share/texlive/texmf-dist/tex/latex/hyperref/pd1enc.def
File: pd1enc.def 2024-11-05 v7.01l Hyperref: PDFDocEncoding definition (HO)
Now handling font encoding PD1 ...
... no UTF-8 mapping file for font encoding PD1
)
(/usr/share/texlive/texmf-dist/tex/generic/intcalc/intcalc.sty
Package: intcalc 2019/12/15 v1.3 Expandable calculations with integers (HO)
)
\Hy@SavedSpaceFactor=\count294

(/usr/share/texlive/texmf-dist/tex/latex/hyperref/puenc.def
File: puenc.def 2024-11-05 v7.01l Hyperref: PDF Unicode definition (HO)
Now handling font encoding PU ...
... no UTF-8 mapping file for font encoding PU
)
Package hyperref Info: Option `colorlinks' set `true' on input line 4040.
Package hyperref Info: Hyper figures OFF on input line 4157.
Package hyperref Info: Link nesting OFF on input line 4162.
Package hyperref Info: Hyper index ON on input line 4165.
Package hyperref Info: Plain pages OFF on input line 4172.
Package hyperref Info: Backreferencing OFF on input line 4177.
Package hyperref Info: Implicit mode ON; LaTeX internals redefined.
Package hyperref Info: Bookmarks ON on input line 4424.
\c@Hy@tempcnt=\count295

(/usr/share/texlive/texmf-dist/tex/latex/url/url.sty
\Urlmuskip=\muskip18
Package: url 2013/09/16  ver 3.4  Verb mode for urls, etc.
)
LaTeX Info: Redefining \url on input line 4763.
\XeTeXLinkMargin=\dimen166

(/usr/share/texlive/texmf-dist/tex/generic/bitset/bitset.sty
Package: bitset 2019/12/09 v1.3 Handle bit-vector datatype (HO)

(/usr/share/texlive/texmf-dist/tex/generic/bigintcalc/bigintcalc.sty
Package: bigintcalc 2019/12/15 v1.5 Expandable calculations on big integers (HO
)
))
\Fld@menulength=\count296
\Field@Width=\dimen167
\Fld@charsize=\dimen168
Package hyperref Info: Hyper figures OFF on input line 6042.
Package hyperref Info: Link nesting OFF on input line 6047.
Package hyperref Info: Hyper index ON on input line 6050.
Package hyperref Info: backreferencing OFF on input line 6057.
Package hyperref Info: Link coloring ON on input line 6060.
Package hyperref Info: Link coloring with OCG OFF on input line 6067.
Package hyperref Info: PDF/A mode OFF on input line 6072.

(/usr/share/texlive/texmf-dist/tex/latex/base/atbegshi-ltx.sty
Package: atbegshi-ltx 2021/01/10 v1.0c Emulation of the original atbegshi
package with kernel methods
)
\Hy@abspage=\count297
\c@Item=\count298
\c@Hfootnote=\count299
)
Package hyperref Info: Driver (autodetected): hpdftex.

(/usr/share/texlive/texmf-dist/tex/latex/hyperref/hpdftex.def
File: hpdftex.def 2024-11-05 v7.01l Hyperref driver for pdfTeX

(/usr/share/texlive/texmf-dist/tex/latex/base/atveryend-ltx.sty
Package: atveryend-ltx 2020/08/19 v1.0a Emulation of the original atveryend pac
kage
with kernel methods
)
\Fld@listcount=\count300
\c@bookmark@seq@number=\count301

(/usr/share/texlive/texmf-dist/tex/latex/rerunfilecheck/rerunfilecheck.sty
Package: rerunfilecheck 2022-07-10 v1.10 Rerun checks for auxiliary files (HO)

(/usr/share/texlive/texmf-dist/tex/generic/uniquecounter/uniquecounter.sty
Package: uniquecounter 2019/12/15 v1.4 Provide unlimited unique counter (HO)
)
Package uniquecounter Info: New unique counter `rerunfilecheck' on input line 2
85.
)
\Hy@SectionHShift=\skip65
)
\c@theorem=\count302
LaTeX Font Info:    Trying to load font information for T1+lmr on input line 34
.

(/usr/share/texmf/tex/latex/lm/t1lmr.fd
File: t1lmr.fd 2015/05/01 v1.6.1 Font defs for Latin Modern
)
(/usr/share/texlive/texmf-dist/tex/latex/l3backend/l3backend-pdftex.def
File: l3backend-pdftex.def 2024-05-08 L3 backend support: PDF output (pdfTeX)
\l__color_backend_stack_int=\count303
\l__pdf_internal_box=\box58
)
(./espaper.aux)
\openout1 = `espaper.aux'.

LaTeX Font Info:    Checking defaults for OML/cmm/m/it on input line 34.
LaTeX Font Info:    ... okay on input line 34.
LaTeX Font Info:    Checking defaults for OMS/cmsy/m/n on input line 34.
LaTeX Font Info:    ... okay on input line 34.
LaTeX Font Info:    Checking defaults for OT1/cmr/m/n on input line 34.
LaTeX Font Info:    ... okay on input line 34.
LaTeX Font Info:    Checking defaults for T1/cmr/m/n on input line 34.
LaTeX Font Info:    ... okay on input line 34.
LaTeX Font Info:    Checking defaults for TS1/cmr/m/n on input line 34.
LaTeX Font Info:    ... okay on input line 34.
LaTeX Font Info:    Checking defaults for OMX/cmex/m/n on input line 34.
LaTeX Font Info:    ... okay on input line 34.
LaTeX Font Info:    Checking defaults for U/cmr/m/n on input line 34.
LaTeX Font Info:    ... okay on input line 34.
LaTeX Font Info:    Checking defaults for PD1/pdf/m/n on input line 34.
LaTeX Font Info:    ... okay on input line 34.
LaTeX Font Info:    Checking defaults for PU/pdf/m/n on input line 34.
LaTeX Font Info:    ... okay on input line 34.
LaTeX Font Info:    Trying to load font information for OT1+lmr on input line 3
4.
 (/usr/share/texmf/tex/latex/lm/ot1lmr.fd
File: ot1lmr.fd 2015/05/01 v1.6.1 Font defs for Latin Modern
)
LaTeX Font Info:    Trying to load font information for OML+lmm on input line 3
4.

(/usr/share/texmf/tex/latex/lm/omllmm.fd
File: omllmm.fd 2015/05/01 v1.6.1 Font defs for Latin Modern
)
LaTeX Font Info:    Trying to load font information for OMS+lmsy on input line 
34.

(/usr/share/texmf/tex/latex/lm/omslmsy.fd
File: omslmsy.fd 2015/05/01 v1.6.1 Font defs for Latin Modern
)
LaTeX Font Info:    Trying to load font information for OMX+lmex on input line 
34.

(/usr/share/texmf/tex/latex/lm/omxlmex.fd
File: omxlmex.fd 2015/05/01 v1.6.1 Font defs for Latin Modern
)
LaTeX Font Info:    External font `lmex10' loaded for size
(Font)              <8> on input line 34.
LaTeX Font Info:    External font `lmex10' loaded for size
(Font)              <6> on input line 34.
LaTeX Font Info:    External font `lmex10' loaded for size
(Font)              <5> on input line 34.
LaTeX Font Info:    Trying to load font information for U+msa on input line 34.


(/usr/share/texlive/texmf-dist/tex/latex/amsfonts/umsa.fd
File: umsa.fd 2013/01/14 v3.01 AMS symbols A
)
LaTeX Font Info:    Trying to load font information for U+msb on input line 34.


(/usr/share/texlive/texmf-dist/tex/latex/amsfonts/umsb.fd
File: umsb.fd 2013/01/14 v3.01 AMS symbols B
)
LaTeX Font Info:    Trying to load font information for U+rsfs on input line 34
.

(/usr/share/texlive/texmf-dist/tex/latex/jknapltx/ursfs.fd
File: ursfs.fd 1998/03/24 rsfs font definition file (jk)
)
LaTeX Info: Redefining \microtypecontext on input line 34.
Package microtype Info: Applying patch `item' on input line 34.
Package microtype Info: Applying patch `toc' on input line 34.
Package microtype Info: Applying patch `eqnum' on input line 34.
Package microtype Info: Applying patch `footnote' on input line 34.
Package microtype Info: Applying patch `verbatim' on input line 34.
LaTeX Info: Redefining \microtypesetup on input line 34.
Package microtype Info: Generating PDF output.
Package microtype Info: Character protrusion enabled (level 2).
Package microtype Info: Using default protrusion set `alltext'.
Package microtype Info: Automatic font expansion enabled (level 2),
(microtype)             stretch: 20, shrink: 20, step: 1, non-selected.
Package microtype Info: Using default expansion set `alltext-nott'.
LaTeX Info: Redefining \showhyphens on input line 34.
Package microtype Info: No adjustment of tracking.
Package microtype Info: No adjustment of interword spacing.
Package microtype Info: No adjustment of character kerning.

(/usr/share/texlive/texmf-dist/tex/latex/microtype/mt-cmr.cfg
File: mt-cmr.cfg 2013/05/19 v2.2 microtype config. file: Computer Modern Roman 
(RS)
)
(/usr/share/texlive/texmf-dist/tex/latex/graphics/graphicx.sty
Package: graphicx 2021/09/16 v1.2d Enhanced LaTeX Graphics (DPC,SPQR)

(/usr/share/texlive/texmf-dist/tex/latex/graphics/graphics.sty
Package: graphics 2024/08/06 v1.4g Standard LaTeX Graphics (DPC,SPQR)

(/usr/share/texlive/texmf-dist/tex/latex/graphics/trig.sty
Package: trig 2023/12/02 v1.11 sin cos tan (DPC)
)
(/usr/share/texlive/texmf-dist/tex/latex/graphics-cfg/graphics.cfg
File: graphics.cfg 2016/06/04 v1.11 sample graphics configuration
)
Package graphics Info: Driver file: pdftex.def on input line 106.

(/usr/share/texlive/texmf-dist/tex/latex/graphics-def/pdftex.def
File: pdftex.def 2024/04/13 v1.2c Graphics/color driver for pdftex

(/usr/share/texlive/texmf-dist/tex/context/base/mkii/supp-pdf.mkii
[Loading MPS to PDF converter (version 2006.09.02).]
\scratchcounter=\count304
\scratchdimen=\dimen169
\scratchbox=\box59
\nofMPsegments=\count305
\nofMParguments=\count306
\everyMPshowfont=\toks32
\MPscratchCnt=\count307
\MPscratchDim=\dimen170
\MPnumerator=\count308
\makeMPintoPDFobject=\count309
\everyMPtoPDFconversion=\toks33
))) (/usr/share/texlive/texmf-dist/tex/latex/epstopdf-pkg/epstopdf-base.sty
Package: epstopdf-base 2020-01-24 v2.11 Base part for package epstopdf
Package epstopdf-base Info: Redefining graphics rule for `.eps' on input line 4
85.

(/usr/share/texlive/texmf-dist/tex/latex/latexconfig/epstopdf-sys.cfg
File: epstopdf-sys.cfg 2010/07/13 v1.3 Configuration of (r)epstopdf for TeX Liv
e
))
\Gin@req@height=\dimen171
\Gin@req@width=\dimen172
)
(/usr/share/texlive/texmf-dist/tex/latex/graphics/color.sty
Package: color 2024/06/23 v1.3e Standard LaTeX Color (DPC)

(/usr/share/texlive/texmf-dist/tex/latex/graphics-cfg/color.cfg
File: color.cfg 2016/01/02 v1.6 sample color configuration
)
Package color Info: Driver file: pdftex.def on input line 149.

(/usr/share/texlive/texmf-dist/tex/latex/graphics/mathcolor.ltx))
Package hyperref Info: Link coloring ON on input line 34.

(./espaper.out) (./espaper.out)
\@outlinefile=\write3
\openout3 = `espaper.out'.

Package microtype Info: Character `029' is missing
(microtype)             in font `T1/lmr/m/sc/8'.
(microtype)             Ignoring protrusion settings for this character.

Underfull \vbox (badness 10000) has occurred while \output is active []



[1{/var/lib/texmf/fonts/map/pdftex/updmap/pdftex.map}{/usr/share/texmf/fonts/en
c/dvips/lm/lm-ec.enc}]
Package microtype Info: Character `029' is missing
(microtype)             in font `T1/lmr/m/sc/10'.
(microtype)             Ignoring protrusion settings for this character.
 (./espaper.toc
Underfull \vbox (badness 10000) has occurred while \output is active []



[2{/usr/share/texmf/fonts/enc/dvips/lm/lm-mathit.enc}{/usr/share/texmf/fonts/en
c/dvips/lm/lm-rm.enc}{/usr/share/texmf/fonts/enc/dvips/lm/lm-mathsy.enc}{/usr/s
hare/texmf/fonts/enc/dvips/lm/lm-mathex.enc}]
pdfTeX warning (font expansion): font should be expanded before its first use
LaTeX Font Info:    External font `lmex10' loaded for size
(Font)              <10> on input line 13.
LaTeX Font Info:    External font `lmex10' loaded for size
(Font)              <7> on input line 13.
(/usr/share/texlive/texmf-dist/tex/latex/microtype/mt-msa.cfg
File: mt-msa.cfg 2006/02/04 v1.1 microtype config. file: AMS symbols (a) (RS)
)
(/usr/share/texlive/texmf-dist/tex/latex/microtype/mt-msb.cfg
File: mt-msb.cfg 2005/06/01 v1.0 microtype config. file: AMS symbols (b) (RS)
)
Underfull \vbox (badness 10000) has occurred while \output is active []



[3])
\tf@toc=\write4
\openout4 = `espaper.toc'.


Overfull \hbox (8.76474pt too wide) detected at line 109
[]\OML/lmm/m/it/10 ;  []
 []



[4]

[5]

[6]

[7]

[8]

[9]

[10]

[11]

[12]

[13]

[14]

[15]

[16]

[17]

[18]

[19]

[20]
pdfTeX warning (ext4): destination with the same identifier (name{equation.21})
 has been already used, duplicate ignored
<to be read again> 
                   \relax 
l.1012 \begin{equation}
                       \tag{49.1}
pdfTeX warning (ext4): destination with the same identifier (name{equation.21})
 has been already used, duplicate ignored
<to be read again> 
                   \relax 
l.1012 \begin{equation}
                       \tag{49.1}
pdfTeX warning (ext4): destination with the same identifier (name{equation.21})
 has been already used, duplicate ignored
<to be read again> 
                   \relax 
l.1012 \begin{equation}
                       \tag{49.1}
pdfTeX warning (ext4): destination with the same identifier (name{equation.21})
 has been already used, duplicate ignored
<to be read again> 
                   \relax 
l.1012 \begin{equation}
                       \tag{49.1}
pdfTeX warning (ext4): destination with the same identifier (name{equation.21})
 has been already used, duplicate ignored
<to be read again> 
                   \relax 
l.1020 \begin{equation}
                       \tag{49.2}
pdfTeX warning (ext4): destination with the same identifier (name{equation.21})
 has been already used, duplicate ignored
<to be read again> 
                   \relax 
l.1020 \begin{equation}
                       \tag{49.2}
pdfTeX warning (ext4): destination with the same identifier (name{equation.21})
 has been already used, duplicate ignored
<to be read again> 
                   \relax 
l.1020 \begin{equation}
                       \tag{49.2}
pdfTeX warning (ext4): destination with the same identifier (name{equation.21})
 has been already used, duplicate ignored
<to be read again> 
                   \relax 
l.1020 \begin{equation}
                       \tag{49.2}
Overfull \hbox (84.71927pt too wide) detected at line 1027
[][][]\OML/lmm/m/it/10 E[] \OMS/lmsy/m/n/10 ^^R \OML/lmm/m/it/10 E[]  \OMS/lmsy
/m/n/10 ([])  \OML/lmm/m/it/10 m \OMS/lmsy/m/n/10 j \OML/lmm/m/it/10 M [] r \OM
S/lmsy/m/n/10 ^^Q \OML/lmm/m/it/10 s\OT1/lmr/m/n/10 ([]\OML/lmm/m/it/10 m\OT1/l
mr/m/n/10 )  \OMS/lmsy/m/n/10 ([])  \OML/lmm/m/it/10 m \OMS/lmsy/m/n/10 j \OML/
lmm/m/it/10 M [] ^^N[]\OT1/lmr/m/n/10 (\OML/lmm/m/it/10 r\OT1/lmr/m/n/10 ) \OMS
/lmsy/m/n/10 ^^Q \OML/lmm/m/it/10 ^^N[]\OT1/lmr/m/n/10 (\OML/lmm/m/it/10 s\OT1/
lmr/m/n/10 )([]\OML/lmm/m/it/10 m\OT1/lmr/m/n/10 )\OML/lmm/m/it/10 :
 []


pdfTeX warning (ext4): destination with the same identifier (name{equation.21})
 has been already used, duplicate ignored
<to be read again> 
                   \relax 
l.1029 \begin{equation}
                       \tag{49.3}
pdfTeX warning (ext4): destination with the same identifier (name{equation.21})
 has been already used, duplicate ignored
<to be read again> 
                   \relax 
l.1029 \begin{equation}
                       \tag{49.3}
pdfTeX warning (ext4): destination with the same identifier (name{equation.21})
 has been already used, duplicate ignored
<to be read again> 
                   \relax 
l.1029 \begin{equation}
                       \tag{49.3}
pdfTeX warning (ext4): destination with the same identifier (name{equation.21})
 has been already used, duplicate ignored
<to be read again> 
                   \relax 
l.1029 \begin{equation}
                       \tag{49.3}
pdfTeX warning (ext4): destination with the same identifier (name{equation.21})
 has been already used, duplicate ignored
<to be read again> 
                   \relax 
l.1046 \begin{equation}
                       \tag{49.4}
pdfTeX warning (ext4): destination with the same identifier (name{equation.21})
 has been already used, duplicate ignored
<to be read again> 
                   \relax 
l.1046 \begin{equation}
                       \tag{49.4}
pdfTeX warning (ext4): destination with the same identifier (name{equation.21})
 has been already used, duplicate ignored
<to be read again> 
                   \relax 
l.1046 \begin{equation}
                       \tag{49.4}
pdfTeX warning (ext4): destination with the same identifier (name{equation.21})
 has been already used, duplicate ignored
<to be read again> 
                   \relax 
l.1046 \begin{equation}
                       \tag{49.4}
pdfTeX warning (ext4): destination with the same identifier (name{equation.21})
 has been already used, duplicate ignored
<to be read again> 
                   \relax 
l.1058 \begin{equation}
                       \tag{49.5}
pdfTeX warning (ext4): destination with the same identifier (name{equation.21})
 has been already used, duplicate ignored
<to be read again> 
                   \relax 
l.1058 \begin{equation}
                       \tag{49.5}
pdfTeX warning (ext4): destination with the same identifier (name{equation.21})
 has been already used, duplicate ignored
<to be read again> 
                   \relax 
l.1058 \begin{equation}
                       \tag{49.5}
pdfTeX warning (ext4): destination with the same identifier (name{equation.21})
 has been already used, duplicate ignored
<to be read again> 
                   \relax 
l.1058 \begin{equation}
                       \tag{49.5}
pdfTeX warning (ext4): destination with the same identifier (name{equation.21})
 has been already used, duplicate ignored
<to be read again> 
                   \relax 
l.1068 \begin{equation}
                       \tag{49.6}
pdfTeX warning (ext4): destination with the same identifier (name{equation.21})
 has been already used, duplicate ignored
<to be read again> 
                   \relax 
l.1068 \begin{equation}
                       \tag{49.6}
pdfTeX warning (ext4): destination with the same identifier (name{equation.21})
 has been already used, duplicate ignored
<to be read again> 
                   \relax 
l.1068 \begin{equation}
                       \tag{49.6}
pdfTeX warning (ext4): destination with the same identifier (name{equation.21})
 has been already used, duplicate ignored
<to be read again> 
                   \relax 
l.1068 \begin{equation}
                       \tag{49.6}
pdfTeX warning (ext4): destination with the same identifier (name{equation.21})
 has been already used, duplicate ignored
<to be read again> 
                   \relax 
l.1076 \begin{equation}
                       \tag{49.8}
pdfTeX warning (ext4): destination with the same identifier (name{equation.21})
 has been already used, duplicate ignored
<to be read again> 
                   \relax 
l.1076 \begin{equation}
                       \tag{49.8}
pdfTeX warning (ext4): destination with the same identifier (name{equation.21})
 has been already used, duplicate ignored
<to be read again> 
                   \relax 
l.1076 \begin{equation}
                       \tag{49.8}
pdfTeX warning (ext4): destination with the same identifier (name{equation.21})
 has been already used, duplicate ignored
<to be read again> 
                   \relax 
l.1076 \begin{equation}
                       \tag{49.8}

Package amsmath Warning: Foreign command \atop;
(amsmath)                \frac or \genfrac should be used instead
(amsmath)                 on input line 1078.


pdfTeX warning (ext4): destination with the same identifier (name{equation.21})
 has been already used, duplicate ignored
<to be read again> 
                   \relax 
l.1085 \begin{equation}
                       \tag{49.9}
pdfTeX warning (ext4): destination with the same identifier (name{equation.21})
 has been already used, duplicate ignored
<to be read again> 
                   \relax 
l.1085 \begin{equation}
                       \tag{49.9}
pdfTeX warning (ext4): destination with the same identifier (name{equation.21})
 has been already used, duplicate ignored
<to be read again> 
                   \relax 
l.1085 \begin{equation}
                       \tag{49.9}
pdfTeX warning (ext4): destination with the same identifier (name{equation.21})
 has been already used, duplicate ignored
<to be read again> 
                   \relax 
l.1085 \begin{equation}
                       \tag{49.9}

[21]
Overfull \hbox (4.40921pt too wide) in paragraph at lines 1093--1097
[]\T1/lmr/m/n/10 (-20) Choose primes $\OML/lmm/m/it/10 q \OMS/lmsy/m/n/10 ^^Q \
OT1/lmr/m/n/10 (-20) 3([]8)$ \T1/lmr/m/n/10 (-20) and $\OML/lmm/m/it/10 p \OMS/
lmsy/m/n/10 ^^Q \OT1/lmr/m/n/10 (-20) 5([]8)$\T1/lmr/m/n/10 (-20) , both in $\O
T1/lmr/m/n/10 (-20) (3\OML/lmm/m/it/10 X[]=\OT1/lmr/m/n/10 (-20) 4\OML/lmm/m/it
/10 ; \OT1/lmr/m/n/10 (-20) 4\OML/lmm/m/it/10 X[]=\OT1/lmr/m/n/10 (-20) 5)$\T1/
lmr/m/n/10 (-20) ,
 []


pdfTeX warning (ext4): destination with the same identifier (name{equation.21})
 has been already used, duplicate ignored
<to be read again> 
                   \relax 
l.1097 \begin{equation}
                       \tag{49.10}
pdfTeX warning (ext4): destination with the same identifier (name{equation.21})
 has been already used, duplicate ignored
<to be read again> 
                   \relax 
l.1097 \begin{equation}
                       \tag{49.10}
pdfTeX warning (ext4): destination with the same identifier (name{equation.21})
 has been already used, duplicate ignored
<to be read again> 
                   \relax 
l.1097 \begin{equation}
                       \tag{49.10}
pdfTeX warning (ext4): destination with the same identifier (name{equation.21})
 has been already used, duplicate ignored
<to be read again> 
                   \relax 
l.1097 \begin{equation}
                       \tag{49.10}
pdfTeX warning (ext4): destination with the same identifier (name{equation.21})
 has been already used, duplicate ignored
<to be read again> 
                   \relax 
l.1108 \begin{equation}
                       \tag{49.11}
pdfTeX warning (ext4): destination with the same identifier (name{equation.21})
 has been already used, duplicate ignored
<to be read again> 
                   \relax 
l.1108 \begin{equation}
                       \tag{49.11}
pdfTeX warning (ext4): destination with the same identifier (name{equation.21})
 has been already used, duplicate ignored
<to be read again> 
                   \relax 
l.1108 \begin{equation}
                       \tag{49.11}
pdfTeX warning (ext4): destination with the same identifier (name{equation.21})
 has been already used, duplicate ignored
<to be read again> 
                   \relax 
l.1108 \begin{equation}
                       \tag{49.11}
pdfTeX warning (ext4): destination with the same identifier (name{equation.21})
 has been already used, duplicate ignored
<to be read again> 
                   \relax 
l.1121 \begin{equation}
                       \tag{49.12}
pdfTeX warning (ext4): destination with the same identifier (name{equation.21})
 has been already used, duplicate ignored
<to be read again> 
                   \relax 
l.1121 \begin{equation}
                       \tag{49.12}
pdfTeX warning (ext4): destination with the same identifier (name{equation.21})
 has been already used, duplicate ignored
<to be read again> 
                   \relax 
l.1121 \begin{equation}
                       \tag{49.12}
pdfTeX warning (ext4): destination with the same identifier (name{equation.21})
 has been already used, duplicate ignored
<to be read again> 
                   \relax 
l.1121 \begin{equation}
                       \tag{49.12}
pdfTeX warning (ext4): destination with the same identifier (name{equation.21})
 has been already used, duplicate ignored
<to be read again> 
                   \relax 
l.1127 \begin{equation}
                       \tag{49.13}
pdfTeX warning (ext4): destination with the same identifier (name{equation.21})
 has been already used, duplicate ignored
<to be read again> 
                   \relax 
l.1127 \begin{equation}
                       \tag{49.13}
pdfTeX warning (ext4): destination with the same identifier (name{equation.21})
 has been already used, duplicate ignored
<to be read again> 
                   \relax 
l.1127 \begin{equation}
                       \tag{49.13}
pdfTeX warning (ext4): destination with the same identifier (name{equation.21})
 has been already used, duplicate ignored
<to be read again> 
                   \relax 
l.1127 \begin{equation}
                       \tag{49.13}
pdfTeX warning (ext4): destination with the same identifier (name{equation.21})
 has been already used, duplicate ignored
<to be read again> 
                   \relax 
l.1139 \begin{equation}
                       \tag{49.14}
pdfTeX warning (ext4): destination with the same identifier (name{equation.21})
 has been already used, duplicate ignored
<to be read again> 
                   \relax 
l.1139 \begin{equation}
                       \tag{49.14}
pdfTeX warning (ext4): destination with the same identifier (name{equation.21})
 has been already used, duplicate ignored
<to be read again> 
                   \relax 
l.1139 \begin{equation}
                       \tag{49.14}
pdfTeX warning (ext4): destination with the same identifier (name{equation.21})
 has been already used, duplicate ignored
<to be read again> 
                   \relax 
l.1139 \begin{equation}
                       \tag{49.14}
pdfTeX warning (ext4): destination with the same identifier (name{equation.21})
 has been already used, duplicate ignored
<to be read again> 
                   \relax 
l.1144 \begin{equation}
                       \tag{49.15}
pdfTeX warning (ext4): destination with the same identifier (name{equation.21})
 has been already used, duplicate ignored
<to be read again> 
                   \relax 
l.1144 \begin{equation}
                       \tag{49.15}
pdfTeX warning (ext4): destination with the same identifier (name{equation.21})
 has been already used, duplicate ignored
<to be read again> 
                   \relax 
l.1144 \begin{equation}
                       \tag{49.15}
pdfTeX warning (ext4): destination with the same identifier (name{equation.21})
 has been already used, duplicate ignored
<to be read again> 
                   \relax 
l.1144 \begin{equation}
                       \tag{49.15}
pdfTeX warning (ext4): destination with the same identifier (name{equation.21})
 has been already used, duplicate ignored
<to be read again> 
                   \relax 
l.1151 \begin{equation}
                       \tag{49.16}
pdfTeX warning (ext4): destination with the same identifier (name{equation.21})
 has been already used, duplicate ignored
<to be read again> 
                   \relax 
l.1151 \begin{equation}
                       \tag{49.16}
pdfTeX warning (ext4): destination with the same identifier (name{equation.21})
 has been already used, duplicate ignored
<to be read again> 
                   \relax 
l.1151 \begin{equation}
                       \tag{49.16}
pdfTeX warning (ext4): destination with the same identifier (name{equation.21})
 has been already used, duplicate ignored
<to be read again> 
                   \relax 
l.1151 \begin{equation}
                       \tag{49.16}

[22]
pdfTeX warning (ext4): destination with the same identifier (name{equation.21})
 has been already used, duplicate ignored
<to be read again> 
                   \relax 
l.1157 \begin{equation}
                       \tag{49.17}
pdfTeX warning (ext4): destination with the same identifier (name{equation.21})
 has been already used, duplicate ignored
<to be read again> 
                   \relax 
l.1157 \begin{equation}
                       \tag{49.17}
pdfTeX warning (ext4): destination with the same identifier (name{equation.21})
 has been already used, duplicate ignored
<to be read again> 
                   \relax 
l.1157 \begin{equation}
                       \tag{49.17}
pdfTeX warning (ext4): destination with the same identifier (name{equation.21})
 has been already used, duplicate ignored
<to be read again> 
                   \relax 
l.1157 \begin{equation}
                       \tag{49.17}
pdfTeX warning (ext4): destination with the same identifier (name{equation.21})
 has been already used, duplicate ignored
<to be read again> 
                   \relax 
l.1172 \begin{equation}
                       \tag{49.18}
pdfTeX warning (ext4): destination with the same identifier (name{equation.21})
 has been already used, duplicate ignored
<to be read again> 
                   \relax 
l.1172 \begin{equation}
                       \tag{49.18}
pdfTeX warning (ext4): destination with the same identifier (name{equation.21})
 has been already used, duplicate ignored
<to be read again> 
                   \relax 
l.1172 \begin{equation}
                       \tag{49.18}
pdfTeX warning (ext4): destination with the same identifier (name{equation.21})
 has been already used, duplicate ignored
<to be read again> 
                   \relax 
l.1172 \begin{equation}
                       \tag{49.18}
pdfTeX warning (ext4): destination with the same identifier (name{equation.21})
 has been already used, duplicate ignored
<to be read again> 
                   \relax 
l.1179 \begin{equation}
                       \tag{49.19}
pdfTeX warning (ext4): destination with the same identifier (name{equation.21})
 has been already used, duplicate ignored
<to be read again> 
                   \relax 
l.1179 \begin{equation}
                       \tag{49.19}
pdfTeX warning (ext4): destination with the same identifier (name{equation.21})
 has been already used, duplicate ignored
<to be read again> 
                   \relax 
l.1179 \begin{equation}
                       \tag{49.19}
pdfTeX warning (ext4): destination with the same identifier (name{equation.21})
 has been already used, duplicate ignored
<to be read again> 
                   \relax 
l.1179 \begin{equation}
                       \tag{49.19}
pdfTeX warning (ext4): destination with the same identifier (name{equation.21})
 has been already used, duplicate ignored
<to be read again> 
                   \relax 
l.1185 \begin{equation}
                       \tag{49.20}
pdfTeX warning (ext4): destination with the same identifier (name{equation.21})
 has been already used, duplicate ignored
<to be read again> 
                   \relax 
l.1185 \begin{equation}
                       \tag{49.20}
pdfTeX warning (ext4): destination with the same identifier (name{equation.21})
 has been already used, duplicate ignored
<to be read again> 
                   \relax 
l.1185 \begin{equation}
                       \tag{49.20}
pdfTeX warning (ext4): destination with the same identifier (name{equation.21})
 has been already used, duplicate ignored
<to be read again> 
                   \relax 
l.1185 \begin{equation}
                       \tag{49.20}
pdfTeX warning (ext4): destination with the same identifier (name{equation.21})
 has been already used, duplicate ignored
<to be read again> 
                   \relax 
l.1191 \begin{equation}
                       \tag{49.21}
pdfTeX warning (ext4): destination with the same identifier (name{equation.21})
 has been already used, duplicate ignored
<to be read again> 
                   \relax 
l.1191 \begin{equation}
                       \tag{49.21}
pdfTeX warning (ext4): destination with the same identifier (name{equation.21})
 has been already used, duplicate ignored
<to be read again> 
                   \relax 
l.1191 \begin{equation}
                       \tag{49.21}
pdfTeX warning (ext4): destination with the same identifier (name{equation.21})
 has been already used, duplicate ignored
<to be read again> 
                   \relax 
l.1191 \begin{equation}
                       \tag{49.21}

[23]
pdfTeX warning (ext4): destination with the same identifier (name{equation.21})
 has been already used, duplicate ignored
<to be read again> 
                   \relax 
l.1251 \begin{equation}
                       \label{eq:mult-mass}
pdfTeX warning (ext4): destination with the same identifier (name{equation.21})
 has been already used, duplicate ignored
<to be read again> 
                   \relax 
l.1251 \begin{equation}
                       \label{eq:mult-mass}
pdfTeX warning (ext4): destination with the same identifier (name{equation.21})
 has been already used, duplicate ignored
<to be read again> 
                   \relax 
l.1251 \begin{equation}
                       \label{eq:mult-mass}
pdfTeX warning (ext4): destination with the same identifier (name{equation.21})
 has been already used, duplicate ignored
<to be read again> 
                   \relax 
l.1251 \begin{equation}
                       \label{eq:mult-mass}

[24]
Overfull \hbox (15.83997pt too wide) in paragraph at lines 1308--1309
\T1/lmr/m/n/10 (-20) PROVISIONAL \T1/lmr/m/it/10 (-20) pend-ing ex-ter-nal chec
k-ing and primary-literature ver-i-fi-ca-tion. Vaughan's
 []



[25]

Package hyperref Warning: Token not allowed in a PDF string (Unicode):
(hyperref)                removing `math shift' on input line 1368.


Package hyperref Warning: Token not allowed in a PDF string (Unicode):
(hyperref)                removing `math shift' on input line 1368.



[26]

[27
pdfTeX warning (ext4): destination with the same identifier (name{equation.22})
 has been already used, duplicate ignored
<argument> ...shipout:D \box_use:N \l_shipout_box 
                                                  \__shipout_drop_firstpage_...
l.1469 
       
pdfTeX warning (ext4): destination with the same identifier (name{equation.22})
 has been already used, duplicate ignored
<argument> ...shipout:D \box_use:N \l_shipout_box 
                                                  \__shipout_drop_firstpage_...
l.1469 
       
pdfTeX warning (ext4): destination with the same identifier (name{equation.22})
 has been already used, duplicate ignored
<argument> ...shipout:D \box_use:N \l_shipout_box 
                                                  \__shipout_drop_firstpage_...
l.1469 
       
pdfTeX warning (ext4): destination with the same identifier (name{equation.22})
 has been already used, duplicate ignored
<argument> ...shipout:D \box_use:N \l_shipout_box 
                                                  \__shipout_drop_firstpage_...
l.1469 
       ]
pdfTeX warning (ext4): destination with the same identifier (name{equation.22})
 has been already used, duplicate ignored
<to be read again> 
                   \relax 
l.1472 \begin{equation}
                       \tag{39.6}
pdfTeX warning (ext4): destination with the same identifier (name{equation.22})
 has been already used, duplicate ignored
<to be read again> 
                   \relax 
l.1472 \begin{equation}
                       \tag{39.6}
pdfTeX warning (ext4): destination with the same identifier (name{equation.22})
 has been already used, duplicate ignored
<to be read again> 
                   \relax 
l.1472 \begin{equation}
                       \tag{39.6}
pdfTeX warning (ext4): destination with the same identifier (name{equation.22})
 has been already used, duplicate ignored
<to be read again> 
                   \relax 
l.1472 \begin{equation}
                       \tag{39.6}
pdfTeX warning (ext4): destination with the same identifier (name{equation.22})
 has been already used, duplicate ignored
<to be read again> 
                   \relax 
l.1483 \begin{equation}
                       \tag{39.7}
pdfTeX warning (ext4): destination with the same identifier (name{equation.22})
 has been already used, duplicate ignored
<to be read again> 
                   \relax 
l.1483 \begin{equation}
                       \tag{39.7}
pdfTeX warning (ext4): destination with the same identifier (name{equation.22})
 has been already used, duplicate ignored
<to be read again> 
                   \relax 
l.1483 \begin{equation}
                       \tag{39.7}
pdfTeX warning (ext4): destination with the same identifier (name{equation.22})
 has been already used, duplicate ignored
<to be read again> 
                   \relax 
l.1483 \begin{equation}
                       \tag{39.7}
pdfTeX warning (ext4): destination with the same identifier (name{equation.22})
 has been already used, duplicate ignored
<to be read again> 
                   \relax 
l.1488 \begin{equation}
                       \tag{39.8}
pdfTeX warning (ext4): destination with the same identifier (name{equation.22})
 has been already used, duplicate ignored
<to be read again> 
                   \relax 
l.1488 \begin{equation}
                       \tag{39.8}
pdfTeX warning (ext4): destination with the same identifier (name{equation.22})
 has been already used, duplicate ignored
<to be read again> 
                   \relax 
l.1488 \begin{equation}
                       \tag{39.8}
pdfTeX warning (ext4): destination with the same identifier (name{equation.22})
 has been already used, duplicate ignored
<to be read again> 
                   \relax 
l.1488 \begin{equation}
                       \tag{39.8}
pdfTeX warning (ext4): destination with the same identifier (name{equation.22})
 has been already used, duplicate ignored
<to be read again> 
                   \relax 
l.1497 \begin{equation}
                       \tag{39.9}
pdfTeX warning (ext4): destination with the same identifier (name{equation.22})
 has been already used, duplicate ignored
<to be read again> 
                   \relax 
l.1497 \begin{equation}
                       \tag{39.9}
pdfTeX warning (ext4): destination with the same identifier (name{equation.22})
 has been already used, duplicate ignored
<to be read again> 
                   \relax 
l.1497 \begin{equation}
                       \tag{39.9}
pdfTeX warning (ext4): destination with the same identifier (name{equation.22})
 has been already used, duplicate ignored
<to be read again> 
                   \relax 
l.1497 \begin{equation}
                       \tag{39.9}
pdfTeX warning (ext4): destination with the same identifier (name{equation.22})
 has been already used, duplicate ignored
<to be read again> 
                   \relax 
l.1533 \begin{equation}
                       \tag{39.11}
pdfTeX warning (ext4): destination with the same identifier (name{equation.22})
 has been already used, duplicate ignored
<to be read again> 
                   \relax 
l.1533 \begin{equation}
                       \tag{39.11}
pdfTeX warning (ext4): destination with the same identifier (name{equation.22})
 has been already used, duplicate ignored
<to be read again> 
                   \relax 
l.1533 \begin{equation}
                       \tag{39.11}
pdfTeX warning (ext4): destination with the same identifier (name{equation.22})
 has been already used, duplicate ignored
<to be read again> 
                   \relax 
l.1533 \begin{equation}
                       \tag{39.11}

[28]
pdfTeX warning (ext4): destination with the same identifier (name{equation.22})
 has been already used, duplicate ignored
<to be read again> 
                   \relax 
l.1549 \begin{equation}
                       \tag{39.10}
pdfTeX warning (ext4): destination with the same identifier (name{equation.22})
 has been already used, duplicate ignored
<to be read again> 
                   \relax 
l.1549 \begin{equation}
                       \tag{39.10}
pdfTeX warning (ext4): destination with the same identifier (name{equation.22})
 has been already used, duplicate ignored
<to be read again> 
                   \relax 
l.1549 \begin{equation}
                       \tag{39.10}
pdfTeX warning (ext4): destination with the same identifier (name{equation.22})
 has been already used, duplicate ignored
<to be read again> 
                   \relax 
l.1549 \begin{equation}
                       \tag{39.10}
pdfTeX warning (ext4): destination with the same identifier (name{equation.22})
 has been already used, duplicate ignored
<to be read again> 
                   \relax 
l.1572 \begin{equation}
                       \tag{39.12}
pdfTeX warning (ext4): destination with the same identifier (name{equation.22})
 has been already used, duplicate ignored
<to be read again> 
                   \relax 
l.1572 \begin{equation}
                       \tag{39.12}
pdfTeX warning (ext4): destination with the same identifier (name{equation.22})
 has been already used, duplicate ignored
<to be read again> 
                   \relax 
l.1572 \begin{equation}
                       \tag{39.12}
pdfTeX warning (ext4): destination with the same identifier (name{equation.22})
 has been already used, duplicate ignored
<to be read again> 
                   \relax 
l.1572 \begin{equation}
                       \tag{39.12}
pdfTeX warning (ext4): destination with the same identifier (name{equation.22})
 has been already used, duplicate ignored
<to be read again> 
                   \relax 
l.1593 \begin{equation}
                       \tag{39.13}
pdfTeX warning (ext4): destination with the same identifier (name{equation.22})
 has been already used, duplicate ignored
<to be read again> 
                   \relax 
l.1593 \begin{equation}
                       \tag{39.13}
pdfTeX warning (ext4): destination with the same identifier (name{equation.22})
 has been already used, duplicate ignored
<to be read again> 
                   \relax 
l.1593 \begin{equation}
                       \tag{39.13}
pdfTeX warning (ext4): destination with the same identifier (name{equation.22})
 has been already used, duplicate ignored
<to be read again> 
                   \relax 
l.1593 \begin{equation}
                       \tag{39.13}

[29]
pdfTeX warning (ext4): destination with the same identifier (name{equation.22})
 has been already used, duplicate ignored
<to be read again> 
                   \relax 
l.1603 \begin{equation}
                       \tag{39.14}
pdfTeX warning (ext4): destination with the same identifier (name{equation.22})
 has been already used, duplicate ignored
<to be read again> 
                   \relax 
l.1603 \begin{equation}
                       \tag{39.14}
pdfTeX warning (ext4): destination with the same identifier (name{equation.22})
 has been already used, duplicate ignored
<to be read again> 
                   \relax 
l.1603 \begin{equation}
                       \tag{39.14}
pdfTeX warning (ext4): destination with the same identifier (name{equation.22})
 has been already used, duplicate ignored
<to be read again> 
                   \relax 
l.1603 \begin{equation}
                       \tag{39.14}
pdfTeX warning (ext4): destination with the same identifier (name{equation.22})
 has been already used, duplicate ignored
<to be read again> 
                   \relax 
l.1610 \begin{equation}
                       \tag{39.15}
pdfTeX warning (ext4): destination with the same identifier (name{equation.22})
 has been already used, duplicate ignored
<to be read again> 
                   \relax 
l.1610 \begin{equation}
                       \tag{39.15}
pdfTeX warning (ext4): destination with the same identifier (name{equation.22})
 has been already used, duplicate ignored
<to be read again> 
                   \relax 
l.1610 \begin{equation}
                       \tag{39.15}
pdfTeX warning (ext4): destination with the same identifier (name{equation.22})
 has been already used, duplicate ignored
<to be read again> 
                   \relax 
l.1610 \begin{equation}
                       \tag{39.15}
pdfTeX warning (ext4): destination with the same identifier (name{equation.22})
 has been already used, duplicate ignored
<to be read again> 
                   \relax 
l.1620 \begin{equation}
                       \tag{39.16}
pdfTeX warning (ext4): destination with the same identifier (name{equation.22})
 has been already used, duplicate ignored
<to be read again> 
                   \relax 
l.1620 \begin{equation}
                       \tag{39.16}
pdfTeX warning (ext4): destination with the same identifier (name{equation.22})
 has been already used, duplicate ignored
<to be read again> 
                   \relax 
l.1620 \begin{equation}
                       \tag{39.16}
pdfTeX warning (ext4): destination with the same identifier (name{equation.22})
 has been already used, duplicate ignored
<to be read again> 
                   \relax 
l.1620 \begin{equation}
                       \tag{39.16}
pdfTeX warning (ext4): destination with the same identifier (name{equation.22})
 has been already used, duplicate ignored
<to be read again> 
                   \relax 
l.1631 \begin{equation}
                       \tag{39.17}
pdfTeX warning (ext4): destination with the same identifier (name{equation.22})
 has been already used, duplicate ignored
<to be read again> 
                   \relax 
l.1631 \begin{equation}
                       \tag{39.17}
pdfTeX warning (ext4): destination with the same identifier (name{equation.22})
 has been already used, duplicate ignored
<to be read again> 
                   \relax 
l.1631 \begin{equation}
                       \tag{39.17}
pdfTeX warning (ext4): destination with the same identifier (name{equation.22})
 has been already used, duplicate ignored
<to be read again> 
                   \relax 
l.1631 \begin{equation}
                       \tag{39.17}
pdfTeX warning (ext4): destination with the same identifier (name{equation.22})
 has been already used, duplicate ignored
<to be read again> 
                   \relax 
l.1641 \begin{equation}
                       \tag{39.18}
pdfTeX warning (ext4): destination with the same identifier (name{equation.22})
 has been already used, duplicate ignored
<to be read again> 
                   \relax 
l.1641 \begin{equation}
                       \tag{39.18}
pdfTeX warning (ext4): destination with the same identifier (name{equation.22})
 has been already used, duplicate ignored
<to be read again> 
                   \relax 
l.1641 \begin{equation}
                       \tag{39.18}
pdfTeX warning (ext4): destination with the same identifier (name{equation.22})
 has been already used, duplicate ignored
<to be read again> 
                   \relax 
l.1641 \begin{equation}
                       \tag{39.18}
pdfTeX warning (ext4): destination with the same identifier (name{equation.22})
 has been already used, duplicate ignored
<to be read again> 
                   \relax 
l.1656 \begin{equation}
                       \tag{39.19}
pdfTeX warning (ext4): destination with the same identifier (name{equation.22})
 has been already used, duplicate ignored
<to be read again> 
                   \relax 
l.1656 \begin{equation}
                       \tag{39.19}
pdfTeX warning (ext4): destination with the same identifier (name{equation.22})
 has been already used, duplicate ignored
<to be read again> 
                   \relax 
l.1656 \begin{equation}
                       \tag{39.19}
pdfTeX warning (ext4): destination with the same identifier (name{equation.22})
 has been already used, duplicate ignored
<to be read again> 
                   \relax 
l.1656 \begin{equation}
                       \tag{39.19}
pdfTeX warning (ext4): destination with the same identifier (name{equation.22})
 has been already used, duplicate ignored
<to be read again> 
                   \relax 
l.1667 \begin{equation}
                       \tag{39.20}
pdfTeX warning (ext4): destination with the same identifier (name{equation.22})
 has been already used, duplicate ignored
<to be read again> 
                   \relax 
l.1667 \begin{equation}
                       \tag{39.20}
pdfTeX warning (ext4): destination with the same identifier (name{equation.22})
 has been already used, duplicate ignored
<to be read again> 
                   \relax 
l.1667 \begin{equation}
                       \tag{39.20}
pdfTeX warning (ext4): destination with the same identifier (name{equation.22})
 has been already used, duplicate ignored
<to be read again> 
                   \relax 
l.1667 \begin{equation}
                       \tag{39.20}

[30]

Package hyperref Warning: Token not allowed in a PDF string (Unicode):
(hyperref)                removing `math shift' on input line 1683.


Package hyperref Warning: Token not allowed in a PDF string (Unicode):
(hyperref)                removing `subscript' on input line 1683.


Package hyperref Warning: Token not allowed in a PDF string (Unicode):
(hyperref)                removing `math shift' on input line 1683.


pdfTeX warning (ext4): destination with the same identifier (name{equation.22})
 has been already used, duplicate ignored
<to be read again> 
                   \relax 
l.1687 \begin{equation}
                       \tag{39.21}
pdfTeX warning (ext4): destination with the same identifier (name{equation.22})
 has been already used, duplicate ignored
<to be read again> 
                   \relax 
l.1687 \begin{equation}
                       \tag{39.21}
pdfTeX warning (ext4): destination with the same identifier (name{equation.22})
 has been already used, duplicate ignored
<to be read again> 
                   \relax 
l.1687 \begin{equation}
                       \tag{39.21}
pdfTeX warning (ext4): destination with the same identifier (name{equation.22})
 has been already used, duplicate ignored
<to be read again> 
                   \relax 
l.1687 \begin{equation}
                       \tag{39.21}
pdfTeX warning (ext4): destination with the same identifier (name{equation.22})
 has been already used, duplicate ignored
<to be read again> 
                   \relax 
l.1692 \begin{equation}
                       \tag{39.22}
pdfTeX warning (ext4): destination with the same identifier (name{equation.22})
 has been already used, duplicate ignored
<to be read again> 
                   \relax 
l.1692 \begin{equation}
                       \tag{39.22}
pdfTeX warning (ext4): destination with the same identifier (name{equation.22})
 has been already used, duplicate ignored
<to be read again> 
                   \relax 
l.1692 \begin{equation}
                       \tag{39.22}
pdfTeX warning (ext4): destination with the same identifier (name{equation.22})
 has been already used, duplicate ignored
<to be read again> 
                   \relax 
l.1692 \begin{equation}
                       \tag{39.22}
pdfTeX warning (ext4): destination with the same identifier (name{equation.22})
 has been already used, duplicate ignored
<to be read again> 
                   \relax 
l.1702 \begin{equation}
                       \tag{39.23}
pdfTeX warning (ext4): destination with the same identifier (name{equation.22})
 has been already used, duplicate ignored
<to be read again> 
                   \relax 
l.1702 \begin{equation}
                       \tag{39.23}
pdfTeX warning (ext4): destination with the same identifier (name{equation.22})
 has been already used, duplicate ignored
<to be read again> 
                   \relax 
l.1702 \begin{equation}
                       \tag{39.23}
pdfTeX warning (ext4): destination with the same identifier (name{equation.22})
 has been already used, duplicate ignored
<to be read again> 
                   \relax 
l.1702 \begin{equation}
                       \tag{39.23}
pdfTeX warning (ext4): destination with the same identifier (name{equation.22})
 has been already used, duplicate ignored
<to be read again> 
                   \relax 
l.1710 \begin{equation}
                       \tag{39.24}
pdfTeX warning (ext4): destination with the same identifier (name{equation.22})
 has been already used, duplicate ignored
<to be read again> 
                   \relax 
l.1710 \begin{equation}
                       \tag{39.24}
pdfTeX warning (ext4): destination with the same identifier (name{equation.22})
 has been already used, duplicate ignored
<to be read again> 
                   \relax 
l.1710 \begin{equation}
                       \tag{39.24}
pdfTeX warning (ext4): destination with the same identifier (name{equation.22})
 has been already used, duplicate ignored
<to be read again> 
                   \relax 
l.1710 \begin{equation}
                       \tag{39.24}
pdfTeX warning (ext4): destination with the same identifier (name{equation.22})
 has been already used, duplicate ignored
<to be read again> 
                   \relax 
l.1720 \begin{equation}
                       \tag{39.25}
pdfTeX warning (ext4): destination with the same identifier (name{equation.22})
 has been already used, duplicate ignored
<to be read again> 
                   \relax 
l.1720 \begin{equation}
                       \tag{39.25}
pdfTeX warning (ext4): destination with the same identifier (name{equation.22})
 has been already used, duplicate ignored
<to be read again> 
                   \relax 
l.1720 \begin{equation}
                       \tag{39.25}
pdfTeX warning (ext4): destination with the same identifier (name{equation.22})
 has been already used, duplicate ignored
<to be read again> 
                   \relax 
l.1720 \begin{equation}
                       \tag{39.25}
pdfTeX warning (ext4): destination with the same identifier (name{equation.22})
 has been already used, duplicate ignored
<to be read again> 
                   \relax 
l.1728 \begin{equation}
                       \tag{39.26}
pdfTeX warning (ext4): destination with the same identifier (name{equation.22})
 has been already used, duplicate ignored
<to be read again> 
                   \relax 
l.1728 \begin{equation}
                       \tag{39.26}
pdfTeX warning (ext4): destination with the same identifier (name{equation.22})
 has been already used, duplicate ignored
<to be read again> 
                   \relax 
l.1728 \begin{equation}
                       \tag{39.26}
pdfTeX warning (ext4): destination with the same identifier (name{equation.22})
 has been already used, duplicate ignored
<to be read again> 
                   \relax 
l.1728 \begin{equation}
                       \tag{39.26}

[31]
pdfTeX warning (ext4): destination with the same identifier (name{equation.22})
 has been already used, duplicate ignored
<to be read again> 
                   \relax 
l.1745 \begin{equation}
                       \tag{39.27}
pdfTeX warning (ext4): destination with the same identifier (name{equation.22})
 has been already used, duplicate ignored
<to be read again> 
                   \relax 
l.1745 \begin{equation}
                       \tag{39.27}
pdfTeX warning (ext4): destination with the same identifier (name{equation.22})
 has been already used, duplicate ignored
<to be read again> 
                   \relax 
l.1745 \begin{equation}
                       \tag{39.27}
pdfTeX warning (ext4): destination with the same identifier (name{equation.22})
 has been already used, duplicate ignored
<to be read again> 
                   \relax 
l.1745 \begin{equation}
                       \tag{39.27}
pdfTeX warning (ext4): destination with the same identifier (name{equation.22})
 has been already used, duplicate ignored
<to be read again> 
                   \relax 
l.1770 \begin{equation}
                       \tag{39.28}
pdfTeX warning (ext4): destination with the same identifier (name{equation.22})
 has been already used, duplicate ignored
<to be read again> 
                   \relax 
l.1770 \begin{equation}
                       \tag{39.28}
pdfTeX warning (ext4): destination with the same identifier (name{equation.22})
 has been already used, duplicate ignored
<to be read again> 
                   \relax 
l.1770 \begin{equation}
                       \tag{39.28}
pdfTeX warning (ext4): destination with the same identifier (name{equation.22})
 has been already used, duplicate ignored
<to be read again> 
                   \relax 
l.1770 \begin{equation}
                       \tag{39.28}
pdfTeX warning (ext4): destination with the same identifier (name{equation.22})
 has been already used, duplicate ignored
<to be read again> 
                   \relax 
l.1774 \begin{equation}
                       \tag{39.29}
pdfTeX warning (ext4): destination with the same identifier (name{equation.22})
 has been already used, duplicate ignored
<to be read again> 
                   \relax 
l.1774 \begin{equation}
                       \tag{39.29}
pdfTeX warning (ext4): destination with the same identifier (name{equation.22})
 has been already used, duplicate ignored
<to be read again> 
                   \relax 
l.1774 \begin{equation}
                       \tag{39.29}
pdfTeX warning (ext4): destination with the same identifier (name{equation.22})
 has been already used, duplicate ignored
<to be read again> 
                   \relax 
l.1774 \begin{equation}
                       \tag{39.29}
pdfTeX warning (ext4): destination with the same identifier (name{equation.22})
 has been already used, duplicate ignored
<to be read again> 
                   \relax 
l.1785 \begin{equation}
                       \tag{39.30}
pdfTeX warning (ext4): destination with the same identifier (name{equation.22})
 has been already used, duplicate ignored
<to be read again> 
                   \relax 
l.1785 \begin{equation}
                       \tag{39.30}
pdfTeX warning (ext4): destination with the same identifier (name{equation.22})
 has been already used, duplicate ignored
<to be read again> 
                   \relax 
l.1785 \begin{equation}
                       \tag{39.30}
pdfTeX warning (ext4): destination with the same identifier (name{equation.22})
 has been already used, duplicate ignored
<to be read again> 
                   \relax 
l.1785 \begin{equation}
                       \tag{39.30}
pdfTeX warning (ext4): destination with the same identifier (name{equation.22})
 has been already used, duplicate ignored
<to be read again> 
                   \relax 
l.1791 \begin{equation}
                       \tag{39.31}
pdfTeX warning (ext4): destination with the same identifier (name{equation.22})
 has been already used, duplicate ignored
<to be read again> 
                   \relax 
l.1791 \begin{equation}
                       \tag{39.31}
pdfTeX warning (ext4): destination with the same identifier (name{equation.22})
 has been already used, duplicate ignored
<to be read again> 
                   \relax 
l.1791 \begin{equation}
                       \tag{39.31}
pdfTeX warning (ext4): destination with the same identifier (name{equation.22})
 has been already used, duplicate ignored
<to be read again> 
                   \relax 
l.1791 \begin{equation}
                       \tag{39.31}
pdfTeX warning (ext4): destination with the same identifier (name{equation.22})
 has been already used, duplicate ignored
<to be read again> 
                   \relax 
l.1800 \begin{equation}
                       \tag{39.32}
pdfTeX warning (ext4): destination with the same identifier (name{equation.22})
 has been already used, duplicate ignored
<to be read again> 
                   \relax 
l.1800 \begin{equation}
                       \tag{39.32}
pdfTeX warning (ext4): destination with the same identifier (name{equation.22})
 has been already used, duplicate ignored
<to be read again> 
                   \relax 
l.1800 \begin{equation}
                       \tag{39.32}
pdfTeX warning (ext4): destination with the same identifier (name{equation.22})
 has been already used, duplicate ignored
<to be read again> 
                   \relax 
l.1800 \begin{equation}
                       \tag{39.32}
pdfTeX warning (ext4): destination with the same identifier (name{equation.22})
 has been already used, duplicate ignored
<to be read again> 
                   \relax 
l.1808 \begin{equation}
                       \tag{39.33}
pdfTeX warning (ext4): destination with the same identifier (name{equation.22})
 has been already used, duplicate ignored
<to be read again> 
                   \relax 
l.1808 \begin{equation}
                       \tag{39.33}
pdfTeX warning (ext4): destination with the same identifier (name{equation.22})
 has been already used, duplicate ignored
<to be read again> 
                   \relax 
l.1808 \begin{equation}
                       \tag{39.33}
pdfTeX warning (ext4): destination with the same identifier (name{equation.22})
 has been already used, duplicate ignored
<to be read again> 
                   \relax 
l.1808 \begin{equation}
                       \tag{39.33}

[32]
pdfTeX warning (ext4): destination with the same identifier (name{equation.22})
 has been already used, duplicate ignored
<to be read again> 
                   \relax 
l.1825 \begin{equation}
                       \tag{39.34}
pdfTeX warning (ext4): destination with the same identifier (name{equation.22})
 has been already used, duplicate ignored
<to be read again> 
                   \relax 
l.1825 \begin{equation}
                       \tag{39.34}
pdfTeX warning (ext4): destination with the same identifier (name{equation.22})
 has been already used, duplicate ignored
<to be read again> 
                   \relax 
l.1825 \begin{equation}
                       \tag{39.34}
pdfTeX warning (ext4): destination with the same identifier (name{equation.22})
 has been already used, duplicate ignored
<to be read again> 
                   \relax 
l.1825 \begin{equation}
                       \tag{39.34}
pdfTeX warning (ext4): destination with the same identifier (name{equation.22})
 has been already used, duplicate ignored
<to be read again> 
                   \relax 
l.1850 \begin{equation}
                       \tag{39.35}
pdfTeX warning (ext4): destination with the same identifier (name{equation.22})
 has been already used, duplicate ignored
<to be read again> 
                   \relax 
l.1850 \begin{equation}
                       \tag{39.35}
pdfTeX warning (ext4): destination with the same identifier (name{equation.22})
 has been already used, duplicate ignored
<to be read again> 
                   \relax 
l.1850 \begin{equation}
                       \tag{39.35}
pdfTeX warning (ext4): destination with the same identifier (name{equation.22})
 has been already used, duplicate ignored
<to be read again> 
                   \relax 
l.1850 \begin{equation}
                       \tag{39.35}

[33]

[34]
LaTeX Font Info:    Trying to load font information for T1+lmtt on input line 1
980.
 (/usr/share/texmf/tex/latex/lm/t1lmtt.fd
File: t1lmtt.fd 2015/05/01 v1.6.1 Font defs for Latin Modern
)
Package microtype Info: Loading generic protrusion settings for font family
(microtype)             `lmtt' (encoding: T1).
(microtype)             For optimal results, create family-specific settings.
(microtype)             See the microtype manual for details.


[35]
pdfTeX warning (ext4): destination with the same identifier (name{equation.22})
 has been already used, duplicate ignored
<to be read again> 
                   \relax 
l.2031 \begin{equation}
                       \tag{43.1}
pdfTeX warning (ext4): destination with the same identifier (name{equation.22})
 has been already used, duplicate ignored
<to be read again> 
                   \relax 
l.2031 \begin{equation}
                       \tag{43.1}
pdfTeX warning (ext4): destination with the same identifier (name{equation.22})
 has been already used, duplicate ignored
<to be read again> 
                   \relax 
l.2031 \begin{equation}
                       \tag{43.1}
pdfTeX warning (ext4): destination with the same identifier (name{equation.22})
 has been already used, duplicate ignored
<to be read again> 
                   \relax 
l.2031 \begin{equation}
                       \tag{43.1}
pdfTeX warning (ext4): destination with the same identifier (name{equation.22})
 has been already used, duplicate ignored
<to be read again> 
                   \relax 
l.2045 \begin{equation}
                       \tag{43.2}
pdfTeX warning (ext4): destination with the same identifier (name{equation.22})
 has been already used, duplicate ignored
<to be read again> 
                   \relax 
l.2045 \begin{equation}
                       \tag{43.2}
pdfTeX warning (ext4): destination with the same identifier (name{equation.22})
 has been already used, duplicate ignored
<to be read again> 
                   \relax 
l.2045 \begin{equation}
                       \tag{43.2}
pdfTeX warning (ext4): destination with the same identifier (name{equation.22})
 has been already used, duplicate ignored
<to be read again> 
                   \relax 
l.2045 \begin{equation}
                       \tag{43.2}
pdfTeX warning (ext4): destination with the same identifier (name{equation.22})
 has been already used, duplicate ignored
<to be read again> 
                   \relax 
l.2061 \begin{equation}
                       \tag{43.3}
pdfTeX warning (ext4): destination with the same identifier (name{equation.22})
 has been already used, duplicate ignored
<to be read again> 
                   \relax 
l.2061 \begin{equation}
                       \tag{43.3}
pdfTeX warning (ext4): destination with the same identifier (name{equation.22})
 has been already used, duplicate ignored
<to be read again> 
                   \relax 
l.2061 \begin{equation}
                       \tag{43.3}
pdfTeX warning (ext4): destination with the same identifier (name{equation.22})
 has been already used, duplicate ignored
<to be read again> 
                   \relax 
l.2061 \begin{equation}
                       \tag{43.3}
Overfull \hbox (5.91772pt too wide) detected at line 2065
[][][]\OML/lmm/m/it/10 ^^Q[]\OT1/lmr/m/n/10 (\OML/lmm/m/it/10 m\OT1/lmr/m/n/10 
) = [] []\OML/lmm/m/it/10 ;  ^^Q[]\OT1/lmr/m/n/10 (\OML/lmm/m/it/10 m\OT1/lmr/m
/n/10 ) = [] []\OML/lmm/m/it/10 ;  C[] \OT1/lmr/m/n/10 = [](1 \OMS/lmsy/m/n/10 
^^@ \OML/lmm/m/it/10 p[]\OT1/lmr/m/n/10 ) [] \OML/lmm/m/it/10 :
 []


pdfTeX warning (ext4): destination with the same identifier (name{equation.22})
 has been already used, duplicate ignored
<to be read again> 
                   \relax 
l.2068 \begin{equation}
                       \tag{43.4}
pdfTeX warning (ext4): destination with the same identifier (name{equation.22})
 has been already used, duplicate ignored
<to be read again> 
                   \relax 
l.2068 \begin{equation}
                       \tag{43.4}
pdfTeX warning (ext4): destination with the same identifier (name{equation.22})
 has been already used, duplicate ignored
<to be read again> 
                   \relax 
l.2068 \begin{equation}
                       \tag{43.4}
pdfTeX warning (ext4): destination with the same identifier (name{equation.22})
 has been already used, duplicate ignored
<to be read again> 
                   \relax 
l.2068 \begin{equation}
                       \tag{43.4}
pdfTeX warning (ext4): destination with the same identifier (name{equation.22})
 has been already used, duplicate ignored
<to be read again> 
                   \relax 
l.2080 \begin{equation}
                       \tag{43.5}
pdfTeX warning (ext4): destination with the same identifier (name{equation.22})
 has been already used, duplicate ignored
<to be read again> 
                   \relax 
l.2080 \begin{equation}
                       \tag{43.5}
pdfTeX warning (ext4): destination with the same identifier (name{equation.22})
 has been already used, duplicate ignored
<to be read again> 
                   \relax 
l.2080 \begin{equation}
                       \tag{43.5}
pdfTeX warning (ext4): destination with the same identifier (name{equation.22})
 has been already used, duplicate ignored
<to be read again> 
                   \relax 
l.2080 \begin{equation}
                       \tag{43.5}

[36]
pdfTeX warning (ext4): destination with the same identifier (name{equation.22})
 has been already used, duplicate ignored
<to be read again> 
                   \relax 
l.2112 \begin{equation}
                       \tag{43.6}
pdfTeX warning (ext4): destination with the same identifier (name{equation.22})
 has been already used, duplicate ignored
<to be read again> 
                   \relax 
l.2112 \begin{equation}
                       \tag{43.6}
pdfTeX warning (ext4): destination with the same identifier (name{equation.22})
 has been already used, duplicate ignored
<to be read again> 
                   \relax 
l.2112 \begin{equation}
                       \tag{43.6}
pdfTeX warning (ext4): destination with the same identifier (name{equation.22})
 has been already used, duplicate ignored
<to be read again> 
                   \relax 
l.2112 \begin{equation}
                       \tag{43.6}
pdfTeX warning (ext4): destination with the same identifier (name{equation.22})
 has been already used, duplicate ignored
<to be read again> 
                   \relax 
l.2126 \begin{equation}
                       \tag{43.7}
pdfTeX warning (ext4): destination with the same identifier (name{equation.22})
 has been already used, duplicate ignored
<to be read again> 
                   \relax 
l.2126 \begin{equation}
                       \tag{43.7}
pdfTeX warning (ext4): destination with the same identifier (name{equation.22})
 has been already used, duplicate ignored
<to be read again> 
                   \relax 
l.2126 \begin{equation}
                       \tag{43.7}
pdfTeX warning (ext4): destination with the same identifier (name{equation.22})
 has been already used, duplicate ignored
<to be read again> 
                   \relax 
l.2126 \begin{equation}
                       \tag{43.7}
pdfTeX warning (ext4): destination with the same identifier (name{equation.22})
 has been already used, duplicate ignored
<to be read again> 
                   \relax 
l.2135 \begin{equation}
                       \tag{43.8}
pdfTeX warning (ext4): destination with the same identifier (name{equation.22})
 has been already used, duplicate ignored
<to be read again> 
                   \relax 
l.2135 \begin{equation}
                       \tag{43.8}
pdfTeX warning (ext4): destination with the same identifier (name{equation.22})
 has been already used, duplicate ignored
<to be read again> 
                   \relax 
l.2135 \begin{equation}
                       \tag{43.8}
pdfTeX warning (ext4): destination with the same identifier (name{equation.22})
 has been already used, duplicate ignored
<to be read again> 
                   \relax 
l.2135 \begin{equation}
                       \tag{43.8}
Overfull \hbox (6.18277pt too wide) in paragraph at lines 2138--2141
\T1/lmr/m/it/10 (-20) Each counted residue, com-bined with the con-gru-ence mod
-ulo $\OML/lmm/m/it/10 k$\T1/lmr/m/it/10 (-20) , is forced by Lemma [][]11.1[][
]. 
 []


pdfTeX warning (ext4): destination with the same identifier (name{equation.22})
 has been already used, duplicate ignored
<to be read again> 
                   \relax 
l.2149 \begin{equation}
                       \tag{43.9}
pdfTeX warning (ext4): destination with the same identifier (name{equation.22})
 has been already used, duplicate ignored
<to be read again> 
                   \relax 
l.2149 \begin{equation}
                       \tag{43.9}
pdfTeX warning (ext4): destination with the same identifier (name{equation.22})
 has been already used, duplicate ignored
<to be read again> 
                   \relax 
l.2149 \begin{equation}
                       \tag{43.9}
pdfTeX warning (ext4): destination with the same identifier (name{equation.22})
 has been already used, duplicate ignored
<to be read again> 
                   \relax 
l.2149 \begin{equation}
                       \tag{43.9}

[37]
pdfTeX warning (ext4): destination with the same identifier (name{equation.22})
 has been already used, duplicate ignored
<to be read again> 
                   \relax 
l.2173 \begin{equation}
                       \tag{43.10}
pdfTeX warning (ext4): destination with the same identifier (name{equation.22})
 has been already used, duplicate ignored
<to be read again> 
                   \relax 
l.2173 \begin{equation}
                       \tag{43.10}
pdfTeX warning (ext4): destination with the same identifier (name{equation.22})
 has been already used, duplicate ignored
<to be read again> 
                   \relax 
l.2173 \begin{equation}
                       \tag{43.10}
pdfTeX warning (ext4): destination with the same identifier (name{equation.22})
 has been already used, duplicate ignored
<to be read again> 
                   \relax 
l.2173 \begin{equation}
                       \tag{43.10}

[38]
pdfTeX warning (ext4): destination with the same identifier (name{equation.22})
 has been already used, duplicate ignored
<to be read again> 
                   \relax 
l.2231 \begin{equation}
                       \tag{43.11}
pdfTeX warning (ext4): destination with the same identifier (name{equation.22})
 has been already used, duplicate ignored
<to be read again> 
                   \relax 
l.2231 \begin{equation}
                       \tag{43.11}
pdfTeX warning (ext4): destination with the same identifier (name{equation.22})
 has been already used, duplicate ignored
<to be read again> 
                   \relax 
l.2231 \begin{equation}
                       \tag{43.11}
pdfTeX warning (ext4): destination with the same identifier (name{equation.22})
 has been already used, duplicate ignored
<to be read again> 
                   \relax 
l.2231 \begin{equation}
                       \tag{43.11}
pdfTeX warning (ext4): destination with the same identifier (name{equation.22})
 has been already used, duplicate ignored
<to be read again> 
                   \relax 
l.2245 \begin{equation}
                       \tag{43.12}
pdfTeX warning (ext4): destination with the same identifier (name{equation.22})
 has been already used, duplicate ignored
<to be read again> 
                   \relax 
l.2245 \begin{equation}
                       \tag{43.12}
pdfTeX warning (ext4): destination with the same identifier (name{equation.22})
 has been already used, duplicate ignored
<to be read again> 
                   \relax 
l.2245 \begin{equation}
                       \tag{43.12}
pdfTeX warning (ext4): destination with the same identifier (name{equation.22})
 has been already used, duplicate ignored
<to be read again> 
                   \relax 
l.2245 \begin{equation}
                       \tag{43.12}
pdfTeX warning (ext4): destination with the same identifier (name{equation.22})
 has been already used, duplicate ignored
<to be read again> 
                   \relax 
l.2255 \begin{equation}
                       \tag{43.13}
pdfTeX warning (ext4): destination with the same identifier (name{equation.22})
 has been already used, duplicate ignored
<to be read again> 
                   \relax 
l.2255 \begin{equation}
                       \tag{43.13}
pdfTeX warning (ext4): destination with the same identifier (name{equation.22})
 has been already used, duplicate ignored
<to be read again> 
                   \relax 
l.2255 \begin{equation}
                       \tag{43.13}
pdfTeX warning (ext4): destination with the same identifier (name{equation.22})
 has been already used, duplicate ignored
<to be read again> 
                   \relax 
l.2255 \begin{equation}
                       \tag{43.13}
pdfTeX warning (ext4): destination with the same identifier (name{equation.22})
 has been already used, duplicate ignored
<to be read again> 
                   \relax 
l.2262 \begin{equation}
                       \tag{43.14}
pdfTeX warning (ext4): destination with the same identifier (name{equation.22})
 has been already used, duplicate ignored
<to be read again> 
                   \relax 
l.2262 \begin{equation}
                       \tag{43.14}
pdfTeX warning (ext4): destination with the same identifier (name{equation.22})
 has been already used, duplicate ignored
<to be read again> 
                   \relax 
l.2262 \begin{equation}
                       \tag{43.14}
pdfTeX warning (ext4): destination with the same identifier (name{equation.22})
 has been already used, duplicate ignored
<to be read again> 
                   \relax 
l.2262 \begin{equation}
                       \tag{43.14}
pdfTeX warning (ext4): destination with the same identifier (name{equation.22})
 has been already used, duplicate ignored
<to be read again> 
                   \relax 
l.2289 \begin{equation}
                       \tag{43.15}
pdfTeX warning (ext4): destination with the same identifier (name{equation.22})
 has been already used, duplicate ignored
<to be read again> 
                   \relax 
l.2289 \begin{equation}
                       \tag{43.15}
pdfTeX warning (ext4): destination with the same identifier (name{equation.22})
 has been already used, duplicate ignored
<to be read again> 
                   \relax 
l.2289 \begin{equation}
                       \tag{43.15}
pdfTeX warning (ext4): destination with the same identifier (name{equation.22})
 has been already used, duplicate ignored
<to be read again> 
                   \relax 
l.2289 \begin{equation}
                       \tag{43.15}
Overfull \hbox (2.76302pt too wide) in paragraph at lines 2298--2308
[]\T1/lmr/m/n/10 (-20) The in-ci-dence sec-ond mo-ment is un-changed
 []



[39]
pdfTeX warning (ext4): destination with the same identifier (name{equation.22})
 has been already used, duplicate ignored
<to be read again> 
                   \relax 
l.2315 \begin{equation}
                       \tag{43.16}
pdfTeX warning (ext4): destination with the same identifier (name{equation.22})
 has been already used, duplicate ignored
<to be read again> 
                   \relax 
l.2315 \begin{equation}
                       \tag{43.16}
pdfTeX warning (ext4): destination with the same identifier (name{equation.22})
 has been already used, duplicate ignored
<to be read again> 
                   \relax 
l.2315 \begin{equation}
                       \tag{43.16}
pdfTeX warning (ext4): destination with the same identifier (name{equation.22})
 has been already used, duplicate ignored
<to be read again> 
                   \relax 
l.2315 \begin{equation}
                       \tag{43.16}
pdfTeX warning (ext4): destination with the same identifier (name{equation.22})
 has been already used, duplicate ignored
<to be read again> 
                   \relax 
l.2323 \begin{equation}
                       \tag{43.17}
pdfTeX warning (ext4): destination with the same identifier (name{equation.22})
 has been already used, duplicate ignored
<to be read again> 
                   \relax 
l.2323 \begin{equation}
                       \tag{43.17}
pdfTeX warning (ext4): destination with the same identifier (name{equation.22})
 has been already used, duplicate ignored
<to be read again> 
                   \relax 
l.2323 \begin{equation}
                       \tag{43.17}
pdfTeX warning (ext4): destination with the same identifier (name{equation.22})
 has been already used, duplicate ignored
<to be read again> 
                   \relax 
l.2323 \begin{equation}
                       \tag{43.17}
pdfTeX warning (ext4): destination with the same identifier (name{equation.22})
 has been already used, duplicate ignored
<to be read again> 
                   \relax 
l.2330 \begin{equation}
                       \tag{43.18}
pdfTeX warning (ext4): destination with the same identifier (name{equation.22})
 has been already used, duplicate ignored
<to be read again> 
                   \relax 
l.2330 \begin{equation}
                       \tag{43.18}
pdfTeX warning (ext4): destination with the same identifier (name{equation.22})
 has been already used, duplicate ignored
<to be read again> 
                   \relax 
l.2330 \begin{equation}
                       \tag{43.18}
pdfTeX warning (ext4): destination with the same identifier (name{equation.22})
 has been already used, duplicate ignored
<to be read again> 
                   \relax 
l.2330 \begin{equation}
                       \tag{43.18}
pdfTeX warning (ext4): destination with the same identifier (name{equation.22})
 has been already used, duplicate ignored
<to be read again> 
                   \relax 
l.2340 \begin{equation}
                       \tag{43.28}
pdfTeX warning (ext4): destination with the same identifier (name{equation.22})
 has been already used, duplicate ignored
<to be read again> 
                   \relax 
l.2340 \begin{equation}
                       \tag{43.28}
pdfTeX warning (ext4): destination with the same identifier (name{equation.22})
 has been already used, duplicate ignored
<to be read again> 
                   \relax 
l.2340 \begin{equation}
                       \tag{43.28}
pdfTeX warning (ext4): destination with the same identifier (name{equation.22})
 has been already used, duplicate ignored
<to be read again> 
                   \relax 
l.2340 \begin{equation}
                       \tag{43.28}
pdfTeX warning (ext4): destination with the same identifier (name{equation.22})
 has been already used, duplicate ignored
<to be read again> 
                   \relax 
l.2353 \begin{equation}
                       \tag{43.32}
pdfTeX warning (ext4): destination with the same identifier (name{equation.22})
 has been already used, duplicate ignored
<to be read again> 
                   \relax 
l.2353 \begin{equation}
                       \tag{43.32}
pdfTeX warning (ext4): destination with the same identifier (name{equation.22})
 has been already used, duplicate ignored
<to be read again> 
                   \relax 
l.2353 \begin{equation}
                       \tag{43.32}
pdfTeX warning (ext4): destination with the same identifier (name{equation.22})
 has been already used, duplicate ignored
<to be read again> 
                   \relax 
l.2353 \begin{equation}
                       \tag{43.32}
pdfTeX warning (ext4): destination with the same identifier (name{equation.22})
 has been already used, duplicate ignored
<to be read again> 
                   \relax 
l.2360 \begin{equation}
                       \tag{43.33}
pdfTeX warning (ext4): destination with the same identifier (name{equation.22})
 has been already used, duplicate ignored
<to be read again> 
                   \relax 
l.2360 \begin{equation}
                       \tag{43.33}
pdfTeX warning (ext4): destination with the same identifier (name{equation.22})
 has been already used, duplicate ignored
<to be read again> 
                   \relax 
l.2360 \begin{equation}
                       \tag{43.33}
pdfTeX warning (ext4): destination with the same identifier (name{equation.22})
 has been already used, duplicate ignored
<to be read again> 
                   \relax 
l.2360 \begin{equation}
                       \tag{43.33}
pdfTeX warning (ext4): destination with the same identifier (name{equation.22})
 has been already used, duplicate ignored
<to be read again> 
                   \relax 
l.2365 \begin{equation}
                       \tag{43.34}
pdfTeX warning (ext4): destination with the same identifier (name{equation.22})
 has been already used, duplicate ignored
<to be read again> 
                   \relax 
l.2365 \begin{equation}
                       \tag{43.34}
pdfTeX warning (ext4): destination with the same identifier (name{equation.22})
 has been already used, duplicate ignored
<to be read again> 
                   \relax 
l.2365 \begin{equation}
                       \tag{43.34}
pdfTeX warning (ext4): destination with the same identifier (name{equation.22})
 has been already used, duplicate ignored
<to be read again> 
                   \relax 
l.2365 \begin{equation}
                       \tag{43.34}

[40]
pdfTeX warning (ext4): destination with the same identifier (name{equation.22})
 has been already used, duplicate ignored
<to be read again> 
                   \relax 
l.2391 \begin{equation}
                       \tag{43.35}
pdfTeX warning (ext4): destination with the same identifier (name{equation.22})
 has been already used, duplicate ignored
<to be read again> 
                   \relax 
l.2391 \begin{equation}
                       \tag{43.35}
pdfTeX warning (ext4): destination with the same identifier (name{equation.22})
 has been already used, duplicate ignored
<to be read again> 
                   \relax 
l.2391 \begin{equation}
                       \tag{43.35}
pdfTeX warning (ext4): destination with the same identifier (name{equation.22})
 has been already used, duplicate ignored
<to be read again> 
                   \relax 
l.2391 \begin{equation}
                       \tag{43.35}
pdfTeX warning (ext4): destination with the same identifier (name{equation.22})
 has been already used, duplicate ignored
<to be read again> 
                   \relax 
l.2411 \begin{equation}
                       \tag{43.36}
pdfTeX warning (ext4): destination with the same identifier (name{equation.22})
 has been already used, duplicate ignored
<to be read again> 
                   \relax 
l.2411 \begin{equation}
                       \tag{43.36}
pdfTeX warning (ext4): destination with the same identifier (name{equation.22})
 has been already used, duplicate ignored
<to be read again> 
                   \relax 
l.2411 \begin{equation}
                       \tag{43.36}
pdfTeX warning (ext4): destination with the same identifier (name{equation.22})
 has been already used, duplicate ignored
<to be read again> 
                   \relax 
l.2411 \begin{equation}
                       \tag{43.36}
pdfTeX warning (ext4): destination with the same identifier (name{equation.22})
 has been already used, duplicate ignored
<to be read again> 
                   \relax 
l.2425 \begin{equation}
                       \tag{43.37}
pdfTeX warning (ext4): destination with the same identifier (name{equation.22})
 has been already used, duplicate ignored
<to be read again> 
                   \relax 
l.2425 \begin{equation}
                       \tag{43.37}
pdfTeX warning (ext4): destination with the same identifier (name{equation.22})
 has been already used, duplicate ignored
<to be read again> 
                   \relax 
l.2425 \begin{equation}
                       \tag{43.37}
pdfTeX warning (ext4): destination with the same identifier (name{equation.22})
 has been already used, duplicate ignored
<to be read again> 
                   \relax 
l.2425 \begin{equation}
                       \tag{43.37}

[41]
pdfTeX warning (ext4): destination with the same identifier (name{equation.22})
 has been already used, duplicate ignored
<to be read again> 
                   \relax 
l.2445 \begin{equation}
                       \tag{43.38}
pdfTeX warning (ext4): destination with the same identifier (name{equation.22})
 has been already used, duplicate ignored
<to be read again> 
                   \relax 
l.2445 \begin{equation}
                       \tag{43.38}
pdfTeX warning (ext4): destination with the same identifier (name{equation.22})
 has been already used, duplicate ignored
<to be read again> 
                   \relax 
l.2445 \begin{equation}
                       \tag{43.38}
pdfTeX warning (ext4): destination with the same identifier (name{equation.22})
 has been already used, duplicate ignored
<to be read again> 
                   \relax 
l.2445 \begin{equation}
                       \tag{43.38}
pdfTeX warning (ext4): destination with the same identifier (name{equation.22})
 has been already used, duplicate ignored
<to be read again> 
                   \relax 
l.2451 \begin{equation}
                       \tag{43.39}
pdfTeX warning (ext4): destination with the same identifier (name{equation.22})
 has been already used, duplicate ignored
<to be read again> 
                   \relax 
l.2451 \begin{equation}
                       \tag{43.39}
pdfTeX warning (ext4): destination with the same identifier (name{equation.22})
 has been already used, duplicate ignored
<to be read again> 
                   \relax 
l.2451 \begin{equation}
                       \tag{43.39}
pdfTeX warning (ext4): destination with the same identifier (name{equation.22})
 has been already used, duplicate ignored
<to be read again> 
                   \relax 
l.2451 \begin{equation}
                       \tag{43.39}
pdfTeX warning (ext4): destination with the same identifier (name{equation.22})
 has been already used, duplicate ignored
<to be read again> 
                   \relax 
l.2461 \begin{equation}
                       \tag{43.40}
pdfTeX warning (ext4): destination with the same identifier (name{equation.22})
 has been already used, duplicate ignored
<to be read again> 
                   \relax 
l.2461 \begin{equation}
                       \tag{43.40}
pdfTeX warning (ext4): destination with the same identifier (name{equation.22})
 has been already used, duplicate ignored
<to be read again> 
                   \relax 
l.2461 \begin{equation}
                       \tag{43.40}
pdfTeX warning (ext4): destination with the same identifier (name{equation.22})
 has been already used, duplicate ignored
<to be read again> 
                   \relax 
l.2461 \begin{equation}
                       \tag{43.40}
pdfTeX warning (ext4): destination with the same identifier (name{equation.22})
 has been already used, duplicate ignored
<to be read again> 
                   \relax 
l.2466 \begin{equation}
                       \tag{43.41}
pdfTeX warning (ext4): destination with the same identifier (name{equation.22})
 has been already used, duplicate ignored
<to be read again> 
                   \relax 
l.2466 \begin{equation}
                       \tag{43.41}
pdfTeX warning (ext4): destination with the same identifier (name{equation.22})
 has been already used, duplicate ignored
<to be read again> 
                   \relax 
l.2466 \begin{equation}
                       \tag{43.41}
pdfTeX warning (ext4): destination with the same identifier (name{equation.22})
 has been already used, duplicate ignored
<to be read again> 
                   \relax 
l.2466 \begin{equation}
                       \tag{43.41}
pdfTeX warning (ext4): destination with the same identifier (name{equation.22})
 has been already used, duplicate ignored
<to be read again> 
                   \relax 
l.2485 \begin{equation}
                       \tag{43.42}
pdfTeX warning (ext4): destination with the same identifier (name{equation.22})
 has been already used, duplicate ignored
<to be read again> 
                   \relax 
l.2485 \begin{equation}
                       \tag{43.42}
pdfTeX warning (ext4): destination with the same identifier (name{equation.22})
 has been already used, duplicate ignored
<to be read again> 
                   \relax 
l.2485 \begin{equation}
                       \tag{43.42}
pdfTeX warning (ext4): destination with the same identifier (name{equation.22})
 has been already used, duplicate ignored
<to be read again> 
                   \relax 
l.2485 \begin{equation}
                       \tag{43.42}
pdfTeX warning (ext4): destination with the same identifier (name{equation.22})
 has been already used, duplicate ignored
<to be read again> 
                   \relax 
l.2510 \begin{equation}
                       \tag{44.1}
pdfTeX warning (ext4): destination with the same identifier (name{equation.22})
 has been already used, duplicate ignored
<to be read again> 
                   \relax 
l.2510 \begin{equation}
                       \tag{44.1}
pdfTeX warning (ext4): destination with the same identifier (name{equation.22})
 has been already used, duplicate ignored
<to be read again> 
                   \relax 
l.2510 \begin{equation}
                       \tag{44.1}
pdfTeX warning (ext4): destination with the same identifier (name{equation.22})
 has been already used, duplicate ignored
<to be read again> 
                   \relax 
l.2510 \begin{equation}
                       \tag{44.1}

[42]
pdfTeX warning (ext4): destination with the same identifier (name{equation.22})
 has been already used, duplicate ignored
<to be read again> 
                   \relax 
l.2519 \begin{equation}
                       \tag{44.2}
pdfTeX warning (ext4): destination with the same identifier (name{equation.22})
 has been already used, duplicate ignored
<to be read again> 
                   \relax 
l.2519 \begin{equation}
                       \tag{44.2}
pdfTeX warning (ext4): destination with the same identifier (name{equation.22})
 has been already used, duplicate ignored
<to be read again> 
                   \relax 
l.2519 \begin{equation}
                       \tag{44.2}
pdfTeX warning (ext4): destination with the same identifier (name{equation.22})
 has been already used, duplicate ignored
<to be read again> 
                   \relax 
l.2519 \begin{equation}
                       \tag{44.2}
pdfTeX warning (ext4): destination with the same identifier (name{equation.22})
 has been already used, duplicate ignored
<to be read again> 
                   \relax 
l.2541 \begin{equation}
                       \tag{48.1}
pdfTeX warning (ext4): destination with the same identifier (name{equation.22})
 has been already used, duplicate ignored
<to be read again> 
                   \relax 
l.2541 \begin{equation}
                       \tag{48.1}
pdfTeX warning (ext4): destination with the same identifier (name{equation.22})
 has been already used, duplicate ignored
<to be read again> 
                   \relax 
l.2541 \begin{equation}
                       \tag{48.1}
pdfTeX warning (ext4): destination with the same identifier (name{equation.22})
 has been already used, duplicate ignored
<to be read again> 
                   \relax 
l.2541 \begin{equation}
                       \tag{48.1}
pdfTeX warning (ext4): destination with the same identifier (name{equation.22})
 has been already used, duplicate ignored
<to be read again> 
                   \relax 
l.2548 \begin{equation}
                       \tag{48.2}
pdfTeX warning (ext4): destination with the same identifier (name{equation.22})
 has been already used, duplicate ignored
<to be read again> 
                   \relax 
l.2548 \begin{equation}
                       \tag{48.2}
pdfTeX warning (ext4): destination with the same identifier (name{equation.22})
 has been already used, duplicate ignored
<to be read again> 
                   \relax 
l.2548 \begin{equation}
                       \tag{48.2}
pdfTeX warning (ext4): destination with the same identifier (name{equation.22})
 has been already used, duplicate ignored
<to be read again> 
                   \relax 
l.2548 \begin{equation}
                       \tag{48.2}
pdfTeX warning (ext4): destination with the same identifier (name{equation.22})
 has been already used, duplicate ignored
<to be read again> 
                   \relax 
l.2553 \begin{equation}
                       \tag{48.3}
pdfTeX warning (ext4): destination with the same identifier (name{equation.22})
 has been already used, duplicate ignored
<to be read again> 
                   \relax 
l.2553 \begin{equation}
                       \tag{48.3}
pdfTeX warning (ext4): destination with the same identifier (name{equation.22})
 has been already used, duplicate ignored
<to be read again> 
                   \relax 
l.2553 \begin{equation}
                       \tag{48.3}
pdfTeX warning (ext4): destination with the same identifier (name{equation.22})
 has been already used, duplicate ignored
<to be read again> 
                   \relax 
l.2553 \begin{equation}
                       \tag{48.3}

[43]
pdfTeX warning (ext4): destination with the same identifier (name{equation.22})
 has been already used, duplicate ignored
<to be read again> 
                   \relax 
l.2605 \begin{equation}
                       \tag{48.16}
pdfTeX warning (ext4): destination with the same identifier (name{equation.22})
 has been already used, duplicate ignored
<to be read again> 
                   \relax 
l.2605 \begin{equation}
                       \tag{48.16}
pdfTeX warning (ext4): destination with the same identifier (name{equation.22})
 has been already used, duplicate ignored
<to be read again> 
                   \relax 
l.2605 \begin{equation}
                       \tag{48.16}
pdfTeX warning (ext4): destination with the same identifier (name{equation.22})
 has been already used, duplicate ignored
<to be read again> 
                   \relax 
l.2605 \begin{equation}
                       \tag{48.16}
pdfTeX warning (ext4): destination with the same identifier (name{equation.22})
 has been already used, duplicate ignored
<to be read again> 
                   \relax 
l.2610 \begin{equation}
                       \tag{48.17}
pdfTeX warning (ext4): destination with the same identifier (name{equation.22})
 has been already used, duplicate ignored
<to be read again> 
                   \relax 
l.2610 \begin{equation}
                       \tag{48.17}
pdfTeX warning (ext4): destination with the same identifier (name{equation.22})
 has been already used, duplicate ignored
<to be read again> 
                   \relax 
l.2610 \begin{equation}
                       \tag{48.17}
pdfTeX warning (ext4): destination with the same identifier (name{equation.22})
 has been already used, duplicate ignored
<to be read again> 
                   \relax 
l.2610 \begin{equation}
                       \tag{48.17}
pdfTeX warning (ext4): destination with the same identifier (name{equation.22})
 has been already used, duplicate ignored
<to be read again> 
                   \relax 
l.2631 \begin{equation}
                       \tag{48.20}
pdfTeX warning (ext4): destination with the same identifier (name{equation.22})
 has been already used, duplicate ignored
<to be read again> 
                   \relax 
l.2631 \begin{equation}
                       \tag{48.20}
pdfTeX warning (ext4): destination with the same identifier (name{equation.22})
 has been already used, duplicate ignored
<to be read again> 
                   \relax 
l.2631 \begin{equation}
                       \tag{48.20}
pdfTeX warning (ext4): destination with the same identifier (name{equation.22})
 has been already used, duplicate ignored
<to be read again> 
                   \relax 
l.2631 \begin{equation}
                       \tag{48.20}

[44]
pdfTeX warning (ext4): destination with the same identifier (name{equation.22})
 has been already used, duplicate ignored
<to be read again> 
                   \relax 
l.2682 \begin{equation}
                       \tag{50.1}
pdfTeX warning (ext4): destination with the same identifier (name{equation.22})
 has been already used, duplicate ignored
<to be read again> 
                   \relax 
l.2682 \begin{equation}
                       \tag{50.1}
pdfTeX warning (ext4): destination with the same identifier (name{equation.22})
 has been already used, duplicate ignored
<to be read again> 
                   \relax 
l.2682 \begin{equation}
                       \tag{50.1}
pdfTeX warning (ext4): destination with the same identifier (name{equation.22})
 has been already used, duplicate ignored
<to be read again> 
                   \relax 
l.2682 \begin{equation}
                       \tag{50.1}
pdfTeX warning (ext4): destination with the same identifier (name{equation.22})
 has been already used, duplicate ignored
<to be read again> 
                   \relax 
l.2688 \begin{equation}
                       \tag{50.2}
pdfTeX warning (ext4): destination with the same identifier (name{equation.22})
 has been already used, duplicate ignored
<to be read again> 
                   \relax 
l.2688 \begin{equation}
                       \tag{50.2}
pdfTeX warning (ext4): destination with the same identifier (name{equation.22})
 has been already used, duplicate ignored
<to be read again> 
                   \relax 
l.2688 \begin{equation}
                       \tag{50.2}
pdfTeX warning (ext4): destination with the same identifier (name{equation.22})
 has been already used, duplicate ignored
<to be read again> 
                   \relax 
l.2688 \begin{equation}
                       \tag{50.2}
pdfTeX warning (ext4): destination with the same identifier (name{equation.22})
 has been already used, duplicate ignored
<to be read again> 
                   \relax 
l.2693 \begin{equation}
                       \tag{50.3}
pdfTeX warning (ext4): destination with the same identifier (name{equation.22})
 has been already used, duplicate ignored
<to be read again> 
                   \relax 
l.2693 \begin{equation}
                       \tag{50.3}
pdfTeX warning (ext4): destination with the same identifier (name{equation.22})
 has been already used, duplicate ignored
<to be read again> 
                   \relax 
l.2693 \begin{equation}
                       \tag{50.3}
pdfTeX warning (ext4): destination with the same identifier (name{equation.22})
 has been already used, duplicate ignored
<to be read again> 
                   \relax 
l.2693 \begin{equation}
                       \tag{50.3}
pdfTeX warning (ext4): destination with the same identifier (name{equation.22})
 has been already used, duplicate ignored
<to be read again> 
                   \relax 
l.2709 \begin{equation}
                       \tag{50.4}
pdfTeX warning (ext4): destination with the same identifier (name{equation.22})
 has been already used, duplicate ignored
<to be read again> 
                   \relax 
l.2709 \begin{equation}
                       \tag{50.4}
pdfTeX warning (ext4): destination with the same identifier (name{equation.22})
 has been already used, duplicate ignored
<to be read again> 
                   \relax 
l.2709 \begin{equation}
                       \tag{50.4}
pdfTeX warning (ext4): destination with the same identifier (name{equation.22})
 has been already used, duplicate ignored
<to be read again> 
                   \relax 
l.2709 \begin{equation}
                       \tag{50.4}
pdfTeX warning (ext4): destination with the same identifier (name{equation.22})
 has been already used, duplicate ignored
<to be read again> 
                   \relax 
l.2715 \begin{equation}
                       \tag{50.5}
pdfTeX warning (ext4): destination with the same identifier (name{equation.22})
 has been already used, duplicate ignored
<to be read again> 
                   \relax 
l.2715 \begin{equation}
                       \tag{50.5}
pdfTeX warning (ext4): destination with the same identifier (name{equation.22})
 has been already used, duplicate ignored
<to be read again> 
                   \relax 
l.2715 \begin{equation}
                       \tag{50.5}
pdfTeX warning (ext4): destination with the same identifier (name{equation.22})
 has been already used, duplicate ignored
<to be read again> 
                   \relax 
l.2715 \begin{equation}
                       \tag{50.5}
pdfTeX warning (ext4): destination with the same identifier (name{equation.22})
 has been already used, duplicate ignored
<to be read again> 
                   \relax 
l.2720 \begin{equation}
                       \tag{50.6}
pdfTeX warning (ext4): destination with the same identifier (name{equation.22})
 has been already used, duplicate ignored
<to be read again> 
                   \relax 
l.2720 \begin{equation}
                       \tag{50.6}
pdfTeX warning (ext4): destination with the same identifier (name{equation.22})
 has been already used, duplicate ignored
<to be read again> 
                   \relax 
l.2720 \begin{equation}
                       \tag{50.6}
pdfTeX warning (ext4): destination with the same identifier (name{equation.22})
 has been already used, duplicate ignored
<to be read again> 
                   \relax 
l.2720 \begin{equation}
                       \tag{50.6}

[45]
pdfTeX warning (ext4): destination with the same identifier (name{equation.22})
 has been already used, duplicate ignored
<to be read again> 
                   \relax 
l.2747 \begin{equation}
                       \tag{50.7}
pdfTeX warning (ext4): destination with the same identifier (name{equation.22})
 has been already used, duplicate ignored
<to be read again> 
                   \relax 
l.2747 \begin{equation}
                       \tag{50.7}
pdfTeX warning (ext4): destination with the same identifier (name{equation.22})
 has been already used, duplicate ignored
<to be read again> 
                   \relax 
l.2747 \begin{equation}
                       \tag{50.7}
pdfTeX warning (ext4): destination with the same identifier (name{equation.22})
 has been already used, duplicate ignored
<to be read again> 
                   \relax 
l.2747 \begin{equation}
                       \tag{50.7}
pdfTeX warning (ext4): destination with the same identifier (name{equation.22})
 has been already used, duplicate ignored
<to be read again> 
                   \relax 
l.2771 \begin{equation}
                       \tag{50.8}
pdfTeX warning (ext4): destination with the same identifier (name{equation.22})
 has been already used, duplicate ignored
<to be read again> 
                   \relax 
l.2771 \begin{equation}
                       \tag{50.8}
pdfTeX warning (ext4): destination with the same identifier (name{equation.22})
 has been already used, duplicate ignored
<to be read again> 
                   \relax 
l.2771 \begin{equation}
                       \tag{50.8}
pdfTeX warning (ext4): destination with the same identifier (name{equation.22})
 has been already used, duplicate ignored
<to be read again> 
                   \relax 
l.2771 \begin{equation}
                       \tag{50.8}

[46]
pdfTeX warning (ext4): destination with the same identifier (name{equation.22})
 has been already used, duplicate ignored
<to be read again> 
                   \relax 
l.2813 \begin{equation}
                       \tag{50.9}
pdfTeX warning (ext4): destination with the same identifier (name{equation.22})
 has been already used, duplicate ignored
<to be read again> 
                   \relax 
l.2813 \begin{equation}
                       \tag{50.9}
pdfTeX warning (ext4): destination with the same identifier (name{equation.22})
 has been already used, duplicate ignored
<to be read again> 
                   \relax 
l.2813 \begin{equation}
                       \tag{50.9}
pdfTeX warning (ext4): destination with the same identifier (name{equation.22})
 has been already used, duplicate ignored
<to be read again> 
                   \relax 
l.2813 \begin{equation}
                       \tag{50.9}
pdfTeX warning (ext4): destination with the same identifier (name{equation.22})
 has been already used, duplicate ignored
<to be read again> 
                   \relax 
l.2854 \begin{equation}
                       \tag{50.10}
pdfTeX warning (ext4): destination with the same identifier (name{equation.22})
 has been already used, duplicate ignored
<to be read again> 
                   \relax 
l.2854 \begin{equation}
                       \tag{50.10}
pdfTeX warning (ext4): destination with the same identifier (name{equation.22})
 has been already used, duplicate ignored
<to be read again> 
                   \relax 
l.2854 \begin{equation}
                       \tag{50.10}
pdfTeX warning (ext4): destination with the same identifier (name{equation.22})
 has been already used, duplicate ignored
<to be read again> 
                   \relax 
l.2854 \begin{equation}
                       \tag{50.10}
pdfTeX warning (ext4): destination with the same identifier (name{equation.22})
 has been already used, duplicate ignored
<to be read again> 
                   \relax 
l.2860 \begin{equation}
                       \tag{50.11}
pdfTeX warning (ext4): destination with the same identifier (name{equation.22})
 has been already used, duplicate ignored
<to be read again> 
                   \relax 
l.2860 \begin{equation}
                       \tag{50.11}
pdfTeX warning (ext4): destination with the same identifier (name{equation.22})
 has been already used, duplicate ignored
<to be read again> 
                   \relax 
l.2860 \begin{equation}
                       \tag{50.11}
pdfTeX warning (ext4): destination with the same identifier (name{equation.22})
 has been already used, duplicate ignored
<to be read again> 
                   \relax 
l.2860 \begin{equation}
                       \tag{50.11}
LaTeX Font Info:    Trying to load font information for U+euf on input line 286
3.

(/usr/share/texlive/texmf-dist/tex/latex/amsfonts/ueuf.fd
File: ueuf.fd 2013/01/14 v3.01 Euler Fraktur
)
(/usr/share/texlive/texmf-dist/tex/latex/microtype/mt-euf.cfg
File: mt-euf.cfg 2006/07/03 v1.1 microtype config. file: AMS Euler Fraktur (RS)

)
pdfTeX warning (ext4): destination with the same identifier (name{equation.22})
 has been already used, duplicate ignored
<to be read again> 
                   \relax 
l.2880 \begin{equation}
                       \tag{50.12}
pdfTeX warning (ext4): destination with the same identifier (name{equation.22})
 has been already used, duplicate ignored
<to be read again> 
                   \relax 
l.2880 \begin{equation}
                       \tag{50.12}
pdfTeX warning (ext4): destination with the same identifier (name{equation.22})
 has been already used, duplicate ignored
<to be read again> 
                   \relax 
l.2880 \begin{equation}
                       \tag{50.12}
pdfTeX warning (ext4): destination with the same identifier (name{equation.22})
 has been already used, duplicate ignored
<to be read again> 
                   \relax 
l.2880 \begin{equation}
                       \tag{50.12}

[47]
pdfTeX warning (ext4): destination with the same identifier (name{equation.22})
 has been already used, duplicate ignored
<to be read again> 
                   \relax 
l.2899 \begin{equation}
                       \tag{50.13}
pdfTeX warning (ext4): destination with the same identifier (name{equation.22})
 has been already used, duplicate ignored
<to be read again> 
                   \relax 
l.2899 \begin{equation}
                       \tag{50.13}
pdfTeX warning (ext4): destination with the same identifier (name{equation.22})
 has been already used, duplicate ignored
<to be read again> 
                   \relax 
l.2899 \begin{equation}
                       \tag{50.13}
pdfTeX warning (ext4): destination with the same identifier (name{equation.22})
 has been already used, duplicate ignored
<to be read again> 
                   \relax 
l.2899 \begin{equation}
                       \tag{50.13}
pdfTeX warning (ext4): destination with the same identifier (name{equation.22})
 has been already used, duplicate ignored
<to be read again> 
                   \relax 
l.2915 \begin{equation}
                       \tag{50.14}
pdfTeX warning (ext4): destination with the same identifier (name{equation.22})
 has been already used, duplicate ignored
<to be read again> 
                   \relax 
l.2915 \begin{equation}
                       \tag{50.14}
pdfTeX warning (ext4): destination with the same identifier (name{equation.22})
 has been already used, duplicate ignored
<to be read again> 
                   \relax 
l.2915 \begin{equation}
                       \tag{50.14}
pdfTeX warning (ext4): destination with the same identifier (name{equation.22})
 has been already used, duplicate ignored
<to be read again> 
                   \relax 
l.2915 \begin{equation}
                       \tag{50.14}
pdfTeX warning (ext4): destination with the same identifier (name{equation.22})
 has been already used, duplicate ignored
<to be read again> 
                   \relax 
l.2926 \begin{equation}
                       \tag{50.15}
pdfTeX warning (ext4): destination with the same identifier (name{equation.22})
 has been already used, duplicate ignored
<to be read again> 
                   \relax 
l.2926 \begin{equation}
                       \tag{50.15}
pdfTeX warning (ext4): destination with the same identifier (name{equation.22})
 has been already used, duplicate ignored
<to be read again> 
                   \relax 
l.2926 \begin{equation}
                       \tag{50.15}
pdfTeX warning (ext4): destination with the same identifier (name{equation.22})
 has been already used, duplicate ignored
<to be read again> 
                   \relax 
l.2926 \begin{equation}
                       \tag{50.15}
pdfTeX warning (ext4): destination with the same identifier (name{equation.22})
 has been already used, duplicate ignored
<to be read again> 
                   \relax 
l.2934 \begin{equation}
                       \tag{50.16}
pdfTeX warning (ext4): destination with the same identifier (name{equation.22})
 has been already used, duplicate ignored
<to be read again> 
                   \relax 
l.2934 \begin{equation}
                       \tag{50.16}
pdfTeX warning (ext4): destination with the same identifier (name{equation.22})
 has been already used, duplicate ignored
<to be read again> 
                   \relax 
l.2934 \begin{equation}
                       \tag{50.16}
pdfTeX warning (ext4): destination with the same identifier (name{equation.22})
 has been already used, duplicate ignored
<to be read again> 
                   \relax 
l.2934 \begin{equation}
                       \tag{50.16}

[48]
pdfTeX warning (ext4): destination with the same identifier (name{equation.22})
 has been already used, duplicate ignored
<to be read again> 
                   \relax 
l.2961 \begin{equation}
                       \tag{50.17}
pdfTeX warning (ext4): destination with the same identifier (name{equation.22})
 has been already used, duplicate ignored
<to be read again> 
                   \relax 
l.2961 \begin{equation}
                       \tag{50.17}
pdfTeX warning (ext4): destination with the same identifier (name{equation.22})
 has been already used, duplicate ignored
<to be read again> 
                   \relax 
l.2961 \begin{equation}
                       \tag{50.17}
pdfTeX warning (ext4): destination with the same identifier (name{equation.22})
 has been already used, duplicate ignored
<to be read again> 
                   \relax 
l.2961 \begin{equation}
                       \tag{50.17}
Overfull \hbox (123.96133pt too wide) detected at line 2976
[][][][]
 []


pdfTeX warning (ext4): destination with the same identifier (name{equation.22})
 has been already used, duplicate ignored
<to be read again> 
                   \relax 
l.2986 \begin{equation}
                       \tag{50.18}
pdfTeX warning (ext4): destination with the same identifier (name{equation.22})
 has been already used, duplicate ignored
<to be read again> 
                   \relax 
l.2986 \begin{equation}
                       \tag{50.18}
pdfTeX warning (ext4): destination with the same identifier (name{equation.22})
 has been already used, duplicate ignored
<to be read again> 
                   \relax 
l.2986 \begin{equation}
                       \tag{50.18}
pdfTeX warning (ext4): destination with the same identifier (name{equation.22})
 has been already used, duplicate ignored
<to be read again> 
                   \relax 
l.2986 \begin{equation}
                       \tag{50.18}
pdfTeX warning (ext4): destination with the same identifier (name{equation.22})
 has been already used, duplicate ignored
<to be read again> 
                   \relax 
l.2997 \begin{equation}
                       \tag{50.19}
pdfTeX warning (ext4): destination with the same identifier (name{equation.22})
 has been already used, duplicate ignored
<to be read again> 
                   \relax 
l.2997 \begin{equation}
                       \tag{50.19}
pdfTeX warning (ext4): destination with the same identifier (name{equation.22})
 has been already used, duplicate ignored
<to be read again> 
                   \relax 
l.2997 \begin{equation}
                       \tag{50.19}
pdfTeX warning (ext4): destination with the same identifier (name{equation.22})
 has been already used, duplicate ignored
<to be read again> 
                   \relax 
l.2997 \begin{equation}
                       \tag{50.19}
pdfTeX warning (ext4): destination with the same identifier (name{equation.22})
 has been already used, duplicate ignored
<to be read again> 
                   \relax 
l.3008 \begin{equation}
                       \tag{50.20}
pdfTeX warning (ext4): destination with the same identifier (name{equation.22})
 has been already used, duplicate ignored
<to be read again> 
                   \relax 
l.3008 \begin{equation}
                       \tag{50.20}
pdfTeX warning (ext4): destination with the same identifier (name{equation.22})
 has been already used, duplicate ignored
<to be read again> 
                   \relax 
l.3008 \begin{equation}
                       \tag{50.20}
pdfTeX warning (ext4): destination with the same identifier (name{equation.22})
 has been already used, duplicate ignored
<to be read again> 
                   \relax 
l.3008 \begin{equation}
                       \tag{50.20}

[49]
Overfull \hbox (4.52054pt too wide) detected at line 3039
\OML/lmm/m/it/10 ^^T\OT1/lmr/m/n/10 (\OML/lmm/m/it/10 M\OT1/lmr/m/n/10 ) = [] [
]\OML/lmm/m/it/10 ;  n[]\OT1/lmr/m/n/10 (\OML/lmm/m/it/10 a\OT1/lmr/m/n/10 ) = 
#\OMS/lmsy/m/n/10 f\OML/lmm/m/it/10 D \OMS/lmsy/m/n/10 2 D[]\OT1/lmr/m/n/10 (\O
ML/lmm/m/it/10 M\OT1/lmr/m/n/10 ) : \OMS/lmsy/m/n/10 ^^@\OT1/lmr/m/n/10 4\OML/l
mm/m/it/10 D \OMS/lmsy/m/n/10 ^^Q \OML/lmm/m/it/10 a\OT1/lmr/m/n/10 ([]\OML/lmm
/m/it/10 p\OT1/lmr/m/n/10 )\OMS/lmsy/m/n/10 g\OML/lmm/m/it/10 ;
 []


pdfTeX warning (ext4): destination with the same identifier (name{equation.22})
 has been already used, duplicate ignored
<to be read again> 
                   \relax 
l.3041 \begin{equation}
                       \tag{40.5}
pdfTeX warning (ext4): destination with the same identifier (name{equation.22})
 has been already used, duplicate ignored
<to be read again> 
                   \relax 
l.3041 \begin{equation}
                       \tag{40.5}
pdfTeX warning (ext4): destination with the same identifier (name{equation.22})
 has been already used, duplicate ignored
<to be read again> 
                   \relax 
l.3041 \begin{equation}
                       \tag{40.5}
pdfTeX warning (ext4): destination with the same identifier (name{equation.22})
 has been already used, duplicate ignored
<to be read again> 
                   \relax 
l.3041 \begin{equation}
                       \tag{40.5}
pdfTeX warning (ext4): destination with the same identifier (name{equation.22})
 has been already used, duplicate ignored
<to be read again> 
                   \relax 
l.3057 \begin{equation}
                       \tag{40.14}
pdfTeX warning (ext4): destination with the same identifier (name{equation.22})
 has been already used, duplicate ignored
<to be read again> 
                   \relax 
l.3057 \begin{equation}
                       \tag{40.14}
pdfTeX warning (ext4): destination with the same identifier (name{equation.22})
 has been already used, duplicate ignored
<to be read again> 
                   \relax 
l.3057 \begin{equation}
                       \tag{40.14}
pdfTeX warning (ext4): destination with the same identifier (name{equation.22})
 has been already used, duplicate ignored
<to be read again> 
                   \relax 
l.3057 \begin{equation}
                       \tag{40.14}
pdfTeX warning (ext4): destination with the same identifier (name{equation.22})
 has been already used, duplicate ignored
<to be read again> 
                   \relax 
l.3070 \begin{equation}
                       \tag{40.18}
pdfTeX warning (ext4): destination with the same identifier (name{equation.22})
 has been already used, duplicate ignored
<to be read again> 
                   \relax 
l.3070 \begin{equation}
                       \tag{40.18}
pdfTeX warning (ext4): destination with the same identifier (name{equation.22})
 has been already used, duplicate ignored
<to be read again> 
                   \relax 
l.3070 \begin{equation}
                       \tag{40.18}
pdfTeX warning (ext4): destination with the same identifier (name{equation.22})
 has been already used, duplicate ignored
<to be read again> 
                   \relax 
l.3070 \begin{equation}
                       \tag{40.18}
pdfTeX warning (ext4): destination with the same identifier (name{equation.22})
 has been already used, duplicate ignored
<to be read again> 
                   \relax 
l.3077 \begin{equation}
                       \tag{40.19}
pdfTeX warning (ext4): destination with the same identifier (name{equation.22})
 has been already used, duplicate ignored
<to be read again> 
                   \relax 
l.3077 \begin{equation}
                       \tag{40.19}
pdfTeX warning (ext4): destination with the same identifier (name{equation.22})
 has been already used, duplicate ignored
<to be read again> 
                   \relax 
l.3077 \begin{equation}
                       \tag{40.19}
pdfTeX warning (ext4): destination with the same identifier (name{equation.22})
 has been already used, duplicate ignored
<to be read again> 
                   \relax 
l.3077 \begin{equation}
                       \tag{40.19}

[50]
pdfTeX warning (ext4): destination with the same identifier (name{equation.22})
 has been already used, duplicate ignored
<to be read again> 
                   \relax 
l.3092 \begin{equation}
                       \tag{42.1}
pdfTeX warning (ext4): destination with the same identifier (name{equation.22})
 has been already used, duplicate ignored
<to be read again> 
                   \relax 
l.3092 \begin{equation}
                       \tag{42.1}
pdfTeX warning (ext4): destination with the same identifier (name{equation.22})
 has been already used, duplicate ignored
<to be read again> 
                   \relax 
l.3092 \begin{equation}
                       \tag{42.1}
pdfTeX warning (ext4): destination with the same identifier (name{equation.22})
 has been already used, duplicate ignored
<to be read again> 
                   \relax 
l.3092 \begin{equation}
                       \tag{42.1}
pdfTeX warning (ext4): destination with the same identifier (name{equation.22})
 has been already used, duplicate ignored
<to be read again> 
                   \relax 
l.3099 \begin{equation}
                       \tag{42.2}
pdfTeX warning (ext4): destination with the same identifier (name{equation.22})
 has been already used, duplicate ignored
<to be read again> 
                   \relax 
l.3099 \begin{equation}
                       \tag{42.2}
pdfTeX warning (ext4): destination with the same identifier (name{equation.22})
 has been already used, duplicate ignored
<to be read again> 
                   \relax 
l.3099 \begin{equation}
                       \tag{42.2}
pdfTeX warning (ext4): destination with the same identifier (name{equation.22})
 has been already used, duplicate ignored
<to be read again> 
                   \relax 
l.3099 \begin{equation}
                       \tag{42.2}
pdfTeX warning (ext4): destination with the same identifier (name{equation.22})
 has been already used, duplicate ignored
<to be read again> 
                   \relax 
l.3108 \begin{equation}
                       \tag{42.3}
pdfTeX warning (ext4): destination with the same identifier (name{equation.22})
 has been already used, duplicate ignored
<to be read again> 
                   \relax 
l.3108 \begin{equation}
                       \tag{42.3}
pdfTeX warning (ext4): destination with the same identifier (name{equation.22})
 has been already used, duplicate ignored
<to be read again> 
                   \relax 
l.3108 \begin{equation}
                       \tag{42.3}
pdfTeX warning (ext4): destination with the same identifier (name{equation.22})
 has been already used, duplicate ignored
<to be read again> 
                   \relax 
l.3108 \begin{equation}
                       \tag{42.3}
pdfTeX warning (ext4): destination with the same identifier (name{equation.22})
 has been already used, duplicate ignored
<to be read again> 
                   \relax 
l.3121 \begin{equation}
                       \tag{42.4}
pdfTeX warning (ext4): destination with the same identifier (name{equation.22})
 has been already used, duplicate ignored
<to be read again> 
                   \relax 
l.3121 \begin{equation}
                       \tag{42.4}
pdfTeX warning (ext4): destination with the same identifier (name{equation.22})
 has been already used, duplicate ignored
<to be read again> 
                   \relax 
l.3121 \begin{equation}
                       \tag{42.4}
pdfTeX warning (ext4): destination with the same identifier (name{equation.22})
 has been already used, duplicate ignored
<to be read again> 
                   \relax 
l.3121 \begin{equation}
                       \tag{42.4}
pdfTeX warning (ext4): destination with the same identifier (name{equation.22})
 has been already used, duplicate ignored
<to be read again> 
                   \relax 
l.3157 \begin{equation}
                       \tag{42.5}
pdfTeX warning (ext4): destination with the same identifier (name{equation.22})
 has been already used, duplicate ignored
<to be read again> 
                   \relax 
l.3157 \begin{equation}
                       \tag{42.5}
pdfTeX warning (ext4): destination with the same identifier (name{equation.22})
 has been already used, duplicate ignored
<to be read again> 
                   \relax 
l.3157 \begin{equation}
                       \tag{42.5}
pdfTeX warning (ext4): destination with the same identifier (name{equation.22})
 has been already used, duplicate ignored
<to be read again> 
                   \relax 
l.3157 \begin{equation}
                       \tag{42.5}

[51]
pdfTeX warning (ext4): destination with the same identifier (name{equation.22})
 has been already used, duplicate ignored
<to be read again> 
                   \relax 
l.3170 \begin{equation}
                       \tag{45.1}
pdfTeX warning (ext4): destination with the same identifier (name{equation.22})
 has been already used, duplicate ignored
<to be read again> 
                   \relax 
l.3170 \begin{equation}
                       \tag{45.1}
pdfTeX warning (ext4): destination with the same identifier (name{equation.22})
 has been already used, duplicate ignored
<to be read again> 
                   \relax 
l.3170 \begin{equation}
                       \tag{45.1}
pdfTeX warning (ext4): destination with the same identifier (name{equation.22})
 has been already used, duplicate ignored
<to be read again> 
                   \relax 
l.3170 \begin{equation}
                       \tag{45.1}
pdfTeX warning (ext4): destination with the same identifier (name{equation.22})
 has been already used, duplicate ignored
<to be read again> 
                   \relax 
l.3176 \begin{equation}
                       \tag{45.2}
pdfTeX warning (ext4): destination with the same identifier (name{equation.22})
 has been already used, duplicate ignored
<to be read again> 
                   \relax 
l.3176 \begin{equation}
                       \tag{45.2}
pdfTeX warning (ext4): destination with the same identifier (name{equation.22})
 has been already used, duplicate ignored
<to be read again> 
                   \relax 
l.3176 \begin{equation}
                       \tag{45.2}
pdfTeX warning (ext4): destination with the same identifier (name{equation.22})
 has been already used, duplicate ignored
<to be read again> 
                   \relax 
l.3176 \begin{equation}
                       \tag{45.2}
pdfTeX warning (ext4): destination with the same identifier (name{equation.22})
 has been already used, duplicate ignored
<to be read again> 
                   \relax 
l.3183 \begin{equation}
                       \tag{45.3}
pdfTeX warning (ext4): destination with the same identifier (name{equation.22})
 has been already used, duplicate ignored
<to be read again> 
                   \relax 
l.3183 \begin{equation}
                       \tag{45.3}
pdfTeX warning (ext4): destination with the same identifier (name{equation.22})
 has been already used, duplicate ignored
<to be read again> 
                   \relax 
l.3183 \begin{equation}
                       \tag{45.3}
pdfTeX warning (ext4): destination with the same identifier (name{equation.22})
 has been already used, duplicate ignored
<to be read again> 
                   \relax 
l.3183 \begin{equation}
                       \tag{45.3}
pdfTeX warning (ext4): destination with the same identifier (name{equation.22})
 has been already used, duplicate ignored
<to be read again> 
                   \relax 
l.3192 \begin{equation}
                       \tag{45.4}
pdfTeX warning (ext4): destination with the same identifier (name{equation.22})
 has been already used, duplicate ignored
<to be read again> 
                   \relax 
l.3192 \begin{equation}
                       \tag{45.4}
pdfTeX warning (ext4): destination with the same identifier (name{equation.22})
 has been already used, duplicate ignored
<to be read again> 
                   \relax 
l.3192 \begin{equation}
                       \tag{45.4}
pdfTeX warning (ext4): destination with the same identifier (name{equation.22})
 has been already used, duplicate ignored
<to be read again> 
                   \relax 
l.3192 \begin{equation}
                       \tag{45.4}
pdfTeX warning (ext4): destination with the same identifier (name{equation.22})
 has been already used, duplicate ignored
<to be read again> 
                   \relax 
l.3202 \begin{equation}
                       \tag{45.5}
pdfTeX warning (ext4): destination with the same identifier (name{equation.22})
 has been already used, duplicate ignored
<to be read again> 
                   \relax 
l.3202 \begin{equation}
                       \tag{45.5}
pdfTeX warning (ext4): destination with the same identifier (name{equation.22})
 has been already used, duplicate ignored
<to be read again> 
                   \relax 
l.3202 \begin{equation}
                       \tag{45.5}
pdfTeX warning (ext4): destination with the same identifier (name{equation.22})
 has been already used, duplicate ignored
<to be read again> 
                   \relax 
l.3202 \begin{equation}
                       \tag{45.5}
Overfull \hbox (68.53542pt too wide) detected at line 3211
[]
 []



[52]
pdfTeX warning (ext4): destination with the same identifier (name{equation.22})
 has been already used, duplicate ignored
<to be read again> 
                   \relax 
l.3226 \begin{equation}
                       \tag{45.6}
pdfTeX warning (ext4): destination with the same identifier (name{equation.22})
 has been already used, duplicate ignored
<to be read again> 
                   \relax 
l.3226 \begin{equation}
                       \tag{45.6}
pdfTeX warning (ext4): destination with the same identifier (name{equation.22})
 has been already used, duplicate ignored
<to be read again> 
                   \relax 
l.3226 \begin{equation}
                       \tag{45.6}
pdfTeX warning (ext4): destination with the same identifier (name{equation.22})
 has been already used, duplicate ignored
<to be read again> 
                   \relax 
l.3226 \begin{equation}
                       \tag{45.6}
pdfTeX warning (ext4): destination with the same identifier (name{equation.22})
 has been already used, duplicate ignored
<to be read again> 
                   \relax 
l.3265 \begin{equation}
                       \tag{46.8}
pdfTeX warning (ext4): destination with the same identifier (name{equation.22})
 has been already used, duplicate ignored
<to be read again> 
                   \relax 
l.3265 \begin{equation}
                       \tag{46.8}
pdfTeX warning (ext4): destination with the same identifier (name{equation.22})
 has been already used, duplicate ignored
<to be read again> 
                   \relax 
l.3265 \begin{equation}
                       \tag{46.8}
pdfTeX warning (ext4): destination with the same identifier (name{equation.22})
 has been already used, duplicate ignored
<to be read again> 
                   \relax 
l.3265 \begin{equation}
                       \tag{46.8}
pdfTeX warning (ext4): destination with the same identifier (name{equation.22})
 has been already used, duplicate ignored
<to be read again> 
                   \relax 
l.3271 \begin{equation}
                       \tag{46.10}
pdfTeX warning (ext4): destination with the same identifier (name{equation.22})
 has been already used, duplicate ignored
<to be read again> 
                   \relax 
l.3271 \begin{equation}
                       \tag{46.10}
pdfTeX warning (ext4): destination with the same identifier (name{equation.22})
 has been already used, duplicate ignored
<to be read again> 
                   \relax 
l.3271 \begin{equation}
                       \tag{46.10}
pdfTeX warning (ext4): destination with the same identifier (name{equation.22})
 has been already used, duplicate ignored
<to be read again> 
                   \relax 
l.3271 \begin{equation}
                       \tag{46.10}
pdfTeX warning (ext4): destination with the same identifier (name{equation.22})
 has been already used, duplicate ignored
<to be read again> 
                   \relax 
l.3289 \begin{equation}
                       \tag{46.13}\label{eq:endpoint-core}
pdfTeX warning (ext4): destination with the same identifier (name{equation.22})
 has been already used, duplicate ignored
<to be read again> 
                   \relax 
l.3289 \begin{equation}
                       \tag{46.13}\label{eq:endpoint-core}
pdfTeX warning (ext4): destination with the same identifier (name{equation.22})
 has been already used, duplicate ignored
<to be read again> 
                   \relax 
l.3289 \begin{equation}
                       \tag{46.13}\label{eq:endpoint-core}
pdfTeX warning (ext4): destination with the same identifier (name{equation.22})
 has been already used, duplicate ignored
<to be read again> 
                   \relax 
l.3289 \begin{equation}
                       \tag{46.13}\label{eq:endpoint-core}

[53]
Overfull \hbox (1.1342pt too wide) in paragraph at lines 3304--3312
\T1/lmr/bx/n/10 (-20) Status. \T1/lmr/m/n/10 (-20) This is not a sub-mis-sion. 
Both $\OT1/lmr/m/n/10 (-20) 3\OML/lmm/m/it/10 =\OT1/lmr/m/n/10 (-20) 4$ \T1/lmr
/m/n/10 (-20) head-lines re-main \T1/lmr/m/sc/10 (-20) claimed/provisional\T1/l
mr/m/n/10 (-20) ,
 []



[54] (./espaper.aux)
 ***********
LaTeX2e <2024-11-01> patch level 2
L3 programming layer <2025-01-18>
 ***********


LaTeX Warning: Label(s) may have changed. Rerun to get cross-references right.

Package rerunfilecheck Info: File `espaper.out' has not changed.
(rerunfilecheck)             Checksum: 28FD647AAFA658DFA859C69DC20C98EF;13074.
 ) 
Here is how much of TeX's memory you used:
 14573 strings out of 474262
 223343 string characters out of 5738914
 660579 words of memory out of 5000000
 36510 multiletter control sequences out of 15000+600000
 653041 words of font info for 301 fonts, out of 8000000 for 9000
 634 hyphenation exceptions out of 8191
 75i,23n,79p,1004b,667s stack positions out of 10000i,1000n,20000p,200000b,200000s
</usr/share/texlive/texmf-dist/fonts/type1/public/amsfonts/euler/eufm10.pfb><
/usr/share/texmf/fonts/type1/public/lm/lmbx10.pfb></usr/share/texmf/fonts/type1
/public/lm/lmbx7.pfb></usr/share/texmf/fonts/type1/public/lm/lmcsc10.pfb></usr/
share/texmf/fonts/type1/public/lm/lmex10.pfb></usr/share/texmf/fonts/type1/publ
ic/lm/lmmi10.pfb></usr/share/texmf/fonts/type1/public/lm/lmmi5.pfb></usr/share/
texmf/fonts/type1/public/lm/lmmi6.pfb></usr/share/texmf/fonts/type1/public/lm/l
mmi7.pfb></usr/share/texmf/fonts/type1/public/lm/lmmi8.pfb></usr/share/texmf/fo
nts/type1/public/lm/lmmib10.pfb></usr/share/texmf/fonts/type1/public/lm/lmmib7.
pfb></usr/share/texmf/fonts/type1/public/lm/lmr10.pfb></usr/share/texmf/fonts/t
ype1/public/lm/lmr5.pfb></usr/share/texmf/fonts/type1/public/lm/lmr6.pfb></usr/
share/texmf/fonts/type1/public/lm/lmr7.pfb></usr/share/texmf/fonts/type1/public
/lm/lmr8.pfb></usr/share/texmf/fonts/type1/public/lm/lmri10.pfb></usr/share/tex
mf/fonts/type1/public/lm/lmri7.pfb></usr/share/texmf/fonts/type1/public/lm/lmri
8.pfb></usr/share/texmf/fonts/type1/public/lm/lmsy10.pfb></usr/share/texmf/font
s/type1/public/lm/lmsy5.pfb></usr/share/texmf/fonts/type1/public/lm/lmsy6.pfb><
/usr/share/texmf/fonts/type1/public/lm/lmsy7.pfb></usr/share/texmf/fonts/type1/
public/lm/lmsy8.pfb></usr/share/texmf/fonts/type1/public/lm/lmtt10.pfb></usr/sh
are/texlive/texmf-dist/fonts/type1/public/amsfonts/symbols/msam10.pfb></usr/sha
re/texlive/texmf-dist/fonts/type1/public/amsfonts/symbols/msbm10.pfb></usr/shar
e/texlive/texmf-dist/fonts/type1/public/amsfonts/symbols/msbm7.pfb></usr/share/
texlive/texmf-dist/fonts/type1/public/rsfs/rsfs10.pfb></usr/share/texlive/texmf
-dist/fonts/type1/public/rsfs/rsfs7.pfb>
Output written on espaper.pdf (54 pages, 749656 bytes).
PDF statistics:
 1172 PDF objects out of 1200 (max. 8388607)
 1039 compressed objects within 11 object streams
 347 named destinations out of 1000 (max. 500000)
 37777 words of extra memory for PDF output out of 42996 (max. 10000000)

